uuid,distance_px,distance_macro,distance_micro,angle_deg,angle_macro,angle_micro
013c13ca-a7be-4194-86a6-71dbd09d4a02,10.52,near,near_1,201.25,west,wsw
01409e35-035e-497f-a7c7-a7048a520e64,41.0,medium,medium_2,55.6,north,nne
016b5081-fb57-476c-9a9a-9a6f464de392,11.51,near,near_1,92.99,north,nn
01f0665c-c12f-49be-b530-98ec72b127f6,62.23,far,far_2,86.66,north,nn
021d1e2b-ac32-45f6-8d3b-8065d29a8832,29.93,medium,medium_1,138.38,west,wnw
02348aab-e50c-4a3b-b6f5-6f19a9021e12,62.37,far,far_2,359.23,east,ee
02b02d09-0144-497e-86b1-de9e7905940c,28.45,medium,medium_1,2.67,east,ee
02f8b81f-df16-4148-9008-e5ad337d4190,35.41,medium,medium_1,234.03,south,ssw
03000487-2c35-461d-a968-f07f156cfb81,12.3,near,near_1,138.43,west,wnw
032271e7-c7bf-417c-b57b-c13d215c72ed,14.6,near,near_2,280.78,south,ss
0331186c-f705-472c-80ce-bbfb68225104,27.05,near,near_3,191.61,west,ww
037ec185-fff3-4aa5-a1a4-54b45c12a2f0,13.34,near,near_2,357.99,east,ee
03a28a1e-6416-4513-83e0-2f2dd006965c,59.2,far,far_1,160.58,west,wnw
03d7e3f5-70c1-4606-80c5-3e0b5d5c3514,14.26,near,near_2,139.01,west,wnw
03df2618-a840-439e-a90c-b626f1cc776a,56.0,far,far_1,122.05,north,nnw
044679ed-6eb8-43db-8195-76cbeff09d9b,70.38,far,far_3,34.07,east,ene
048684dc-2a56-4d44-b6bd-7998beb0265c,48.61,medium,medium_3,96.41,north,nn
04d1a7b0-89ea-433e-9c0c-65cd570c03d6,40.46,medium,medium_2,36.53,east,ene
051a585f-2d7a-4b98-937a-c395ad47137a,39.24,medium,medium_2,237.37,south,ssw
059b26df-34ca-4fec-acf1-cd469f147db5,42.8,medium,medium_2,239.2,south,ssw
059e753a-f73c-4223-b225-d9441b7c3dfd,68.81,far,far_3,276.0,south,ss
06cfc116-3d6a-484f-b0e7-33a19a0c4481,22.87,near,near_3,89.51,north,nn
0725ecce-040e-4d5d-a2f6-be256f9d4032,70.21,far,far_3,194.18,west,ww
077b9d29-3a16-4c7a-ac76-3faf5fb9f71c,21.21,near,near_3,353.13,east,ee
078b209c-35ed-408b-af85-ee2e8fdc3acb,29.41,medium,medium_1,276.17,south,ss
07ae7d9f-5ad8-4b03-aba9-65dd20576b1a,24.62,near,near_3,139.88,west,wnw
08267fd1-ddf2-46ec-ac7f-2f71f8f26643,69.01,far,far_3,164.0,west,wnw
0856c2b5-b9e0-4c0c-8b33-33ce98b00c6f,43.44,medium,medium_2,192.63,west,ww
096c62c0-19e7-4ade-beda-20fb4572cf55,12.13,near,near_1,186.47,west,ww
0a84329d-4ff7-4f53-ae81-633ddb3b42d3,18.85,near,near_2,190.74,west,ww
0a979232-da36-4d99-92d0-92970c03e317,24.2,near,near_3,275.95,south,ss
0be2caaa-5b73-4d74-b972-ad7c862f74ed,42.96,medium,medium_2,135.47,west,wnw
0c3d7c24-47e4-43f9-8e6d-ed0684905cbe,43.13,medium,medium_2,135.58,west,wnw
0c4261bb-597d-4866-98bf-148ee34c8346,35.66,medium,medium_1,55.94,north,nne
0c476083-1860-4a2f-aef9-39cac5a076ee,38.39,medium,medium_2,40.68,east,ene
0c954674-67e0-466a-8cf9-aa37466a6dac,35.42,medium,medium_1,120.81,north,nnw
0cc992d6-157b-48d8-8362-c80461313b66,45.0,medium,medium_3,35.36,east,ene
0d61332b-26e0-43ca-9a1f-edd2f06e4db8,51.6,medium,medium_3,239.56,south,ssw
0d6b4dd3-7e5f-4288-b48c-6ad9f33930a9,70.81,far,far_3,194.19,west,ww
0d841387-733d-4c45-b3df-52d93276c4a0,21.8,near,near_3,276.05,south,ss
0db67d2b-204e-4409-9aca-5f4f615dc811,67.8,far,far_3,275.34,south,ss
0e135fbb-e55e-4a83-8588-3b9667c8819f,73.36,far,far_3,237.83,south,ssw
0efd4c67-f3a1-49bf-8ad5-59f9f5573f4f,55.98,far,far_1,122.68,north,nnw
0f1baf07-1aa4-4852-8ac9-dae266948ead,39.07,medium,medium_2,36.76,east,ene
0f6eb0b3-a234-4ed8-80bf-1a33024c449b,41.59,medium,medium_2,55.52,north,nne
0f9bae33-3c00-455b-ab0e-520791b470a9,45.79,medium,medium_3,35.26,east,ene
117a8000-412f-46a7-a96d-2db64ed64ad2,32.62,medium,medium_1,41.69,east,ene
11ae3187-9e33-4a4f-a98f-af475f6f4bc1,23.08,near,near_3,28.97,east,ene
11c66810-82bc-4341-819f-af57be3fbcc7,49.36,medium,medium_3,54.65,north,nne
11d2cfca-6d44-4c88-9812-82286eb2f57f,11.8,near,near_1,265.97,south,ss
12359029-a372-4fdc-a92f-aa2bf5a66c27,11.94,near,near_1,126.78,north,nnw
12a19319-7e1c-4a0f-bebc-ecabc8129ea6,44.58,medium,medium_3,135.35,west,wnw
12b5922f-c835-495b-a344-586c4057d7ed,13.11,near,near_2,138.38,west,wnw
13037f97-96b8-47f1-b46f-4396959c2508,69.82,far,far_3,86.31,north,nn
130c3446-9a7b-47cf-b693-d5c9faadca0d,53.41,far,far_1,213.71,west,wsw
1338e2e7-9a04-40b8-9e1e-00e803890f98,41.58,medium,medium_2,124.44,north,nnw
133a8bfe-60d3-4dd5-883a-2c1fd4dbb361,62.22,far,far_2,218.71,west,wsw
138c5cb9-a303-44bf-b27e-410af4fad4dd,70.8,far,far_3,215.16,west,wsw
15703691-3faa-47ad-aa0a-150120e36147,62.14,far,far_2,358.88,east,ee
15df46a2-cd6c-4026-83ef-f47a8532bc7c,57.17,far,far_1,54.41,north,nne
16015485-c2aa-497f-ae4c-2fb555007282,30.09,medium,medium_1,28.02,east,ene
160efbfb-6d86-4bdf-9c2f-6fe8681c9a87,51.22,medium,medium_3,193.43,west,ww
163989e4-30a7-4442-8c46-3c04cde10127,60.71,far,far_2,358.4,east,ee
165fc27f-e4c0-44a4-baf9-c06855a82958,71.02,far,far_3,306.29,south,sse
1664d201-7f31-4bcf-9880-bd90871163fd,52.6,far,far_1,275.65,south,ss
166d75c5-803a-4214-b154-1932227fc3c5,52.97,far,far_1,359.55,east,ee
16702da5-df2f-4c11-882b-011dbb1db9d4,22.88,near,near_3,29.05,east,ene
1676b384-70fe-4d7f-a0d3-22617bfb0f11,35.68,medium,medium_1,120.84,north,nnw
16d8e604-af25-4015-8ba7-88d8aff3fdfc,50.83,medium,medium_3,187.97,west,ww
16e9dedc-86af-40b3-982f-b0ea49e91189,63.21,far,far_2,213.91,west,wsw
16eb61fe-9d36-405f-9012-cc6df3259c8a,64.92,far,far_2,121.68,north,nnw
16f822be-bae2-4df2-8bc7-2c64e9d6b14d,11.78,near,near_1,138.17,west,wnw
170c895c-7c74-4933-90c6-9f67a99af08d,33.44,medium,medium_1,41.87,east,ene
173a614d-2306-4180-86df-ee7f70cc1a7c,11.46,near,near_1,203.99,west,wsw
17d3d351-34ac-4992-9c52-227460eb96bd,71.51,far,far_3,48.93,north,nne
18550102-d39b-45c3-8e45-21bf032e4368,69.6,far,far_3,275.49,south,ss
18b62d68-d2ef-4576-9bf7-17c1999c470c,53.6,far,far_1,275.64,south,ss
194d435f-63c6-4803-b9fe-8053c5f2ee1f,69.27,far,far_3,106.81,north,nnw
195f54a3-f152-484a-9898-1acfb5e0c68a,69.33,far,far_3,33.47,east,ene
19774486-a227-4e79-8545-9f208a3f079b,47.6,medium,medium_3,239.76,south,ssw
1984a2f1-8edd-43cb-80fe-ac60a7a296e3,23.27,near,near_3,89.44,north,nn
199887d2-7144-4439-9e5d-1feeb2b275cd,45.8,medium,medium_3,160.0,west,wnw
19aa64ed-2e42-4ecd-b79f-b1be45b90adb,19.21,near,near_2,233.21,south,ssw
1a1ab15d-5cef-4ffa-9107-6c5a63d90935,15.14,near,near_2,35.32,east,ene
1a28c7ba-d611-4e21-9d50-896fd1249390,59.0,far,far_1,239.42,south,ssw
1b219dc3-f597-45b1-9a0e-12fa06f3c635,20.95,near,near_3,30.45,east,ene
1b724aa3-e1b5-4195-80c8-7981fe0d612a,66.8,far,far_2,194.66,west,ww
1baeb7f2-323a-45ca-87b6-5e2959523853,39.23,medium,medium_2,1.15,east,ee
1bbf4454-58cb-43be-bcfd-f64b788a47d7,38.2,medium,medium_2,95.0,north,nn
1d373a62-0099-44e5-95e0-698852854f38,72.2,far,far_3,209.54,west,wsw
1e0aa2de-7c1d-418f-aad9-61ed35177947,43.77,medium,medium_2,54.98,north,nne
1e564138-3348-4dda-a33b-6fa513faef44,35.0,medium,medium_1,239.35,south,ssw
1e9d5f37-a141-457b-b234-aa2f5e812159,12.3,near,near_1,92.47,north,nn
1f8baf27-a969-4aec-9480-bb1a70c56c06,54.41,far,far_1,213.74,west,wsw
1ff3a426-cef5-4464-abaa-1fa139836d42,46.42,medium,medium_3,86.48,north,nn
20114a05-ff4a-41b7-b4e0-bf21e2a28f67,37.39,medium,medium_2,0.83,east,ee
20941a9c-89f4-49ce-ae2c-c7d223ce2b5d,25.68,near,near_3,58.51,north,nne
21467b23-e88a-4fd2-b7fe-854e2546a6de,14.0,near,near_2,275.82,south,ss
2185c030-825f-4407-93e5-1845f014b291,13.47,near,near_2,90.96,north,nn
21a38407-7275-4138-b3e2-7ee12a03bf98,12.3,near,near_1,92.47,north,nn
22361c4b-9264-4d07-a8e2-fd93a78f4b17,20.62,near,near_3,348.37,east,ee
22518dcd-05cd-41d1-8c02-3dbbd460cd42,49.03,medium,medium_3,192.9,west,ww
2259f889-134c-4890-9cbe-b50cb67b5fb1,65.96,far,far_2,121.88,north,nnw
22f70e97-d6e6-4027-80c3-7be38bbf1769,46.2,medium,medium_3,160.0,west,wnw
2311ef26-3cf1-4ef7-81d4-f9ebde7d21a4,13.52,near,near_2,92.65,north,nn
23140251-4090-4609-a5b9-85f646406eae,60.42,far,far_2,96.52,north,nn
23537d3c-fd0a-414d-b9f8-254c942257ce,32.8,medium,medium_1,36.3,east,ene
23a6f02a-fb0a-4aa2-8e6e-4bb8ee6dd5ff,46.21,medium,medium_3,213.76,west,wsw
23b157a8-fdaa-413b-82c6-9312667d8910,42.8,medium,medium_2,239.2,south,ssw
23f7671f-5ee7-4cac-b4d9-44826f15353a,28.09,near,near_3,58.19,north,nne
2444b520-9fd5-4552-b510-7281d0b564f3,27.69,near,near_3,58.31,north,nne
2450f359-2b40-4326-ab2b-11e2ebc305d2,46.42,medium,medium_3,213.52,west,wsw
24c3b5cc-1bf3-4394-ac1e-042135036cfd,34.41,medium,medium_1,56.34,north,nne
256441ef-9742-48c3-85a6-f2ed11c4624b,27.12,near,near_3,58.0,north,nne
257d5a1a-d695-4648-93cf-0b286b08477c,53.0,far,far_1,275.65,south,ss
25e4135a-0478-4447-84d9-4a0836af6eb4,53.61,far,far_1,213.72,west,wsw
25f41ead-c213-4607-af91-5d1350303f9c,42.4,medium,medium_2,239.19,south,ssw
25fad140-b7aa-4500-8238-564391b49863,65.44,far,far_2,122.0,north,nnw
262716b9-7a13-4634-bd2e-794bae02b9cb,19.73,near,near_2,55.51,north,nne
26437872-6b5f-4ecc-bf3e-8b656336df7a,11.67,near,near_1,126.72,north,nnw
26525021-aa90-40a6-b9e5-4a08d3ae0fe5,70.76,far,far_3,33.89,east,ene
267da4b5-b58f-4c31-905e-9c09e89f4f7a,43.2,medium,medium_2,239.2,south,ssw
268b86f7-178e-4f97-bf25-a0db0d899927,39.02,medium,medium_2,213.24,west,wsw
26a291cb-a2cd-401c-bd36-6b296ef4aeda,16.59,near,near_2,35.38,east,ene
26cf9ca2-2ebe-4134-ad3b-d4c247b5ad87,69.6,far,far_3,214.84,west,wsw
27981d35-8a53-4be1-949f-a637fd00393b,69.8,far,far_3,274.84,south,ss
27a3320c-2923-4ca2-9d45-e40496cc6d9d,35.01,medium,medium_1,234.02,south,ssw
2824f0a7-501c-4081-a40e-b401da7e1192,61.63,far,far_2,86.67,north,nn
28399d84-da36-4b92-a89d-cffe393792b7,21.38,near,near_3,5.78,east,ee
285dc1d5-fafe-4c5c-8f72-c41ed51c10d5,31.42,medium,medium_1,212.81,west,wsw
2964f8b4-f9d3-4c45-961a-dd46bf57f032,45.2,medium,medium_3,275.76,south,ss
29c48031-b2ff-417a-b650-d9e3b4926f01,69.02,far,far_3,86.49,north,nn
29e2b089-d934-4d99-bc58-b7740bbb26cf,69.81,far,far_3,194.18,west,ww
29f15841-b536-4454-a24b-b89f15eaa8c1,58.6,far,far_1,94.8,north,nn
2a16e8b1-83a9-41a7-9a7a-e7aad4108ba9,28.65,medium,medium_1,2.62,east,ee
2af6eb71-9772-4242-922d-401a16283aa1,65.72,far,far_2,122.17,north,nnw
2c3dd1fc-1cf0-4e44-b4da-fe566be6ce36,48.83,medium,medium_3,192.89,west,ww
2c7ff141-bcab-42d3-ba78-f132f5a4c2d0,43.84,medium,medium_2,187.65,west,ww
2cced245-18a8-4597-b476-036ab99928e8,18.65,near,near_2,185.7,west,ww
2cfc791f-64fc-4b8f-a7ae-71493d34f74f,69.6,far,far_3,305.49,south,sse
2d05f70a-a189-4119-8f5e-43df8054d1fe,10.2,near,near_1,271.12,south,ss
2d2bf7b4-f667-4915-99fb-ced72da4a29d,53.2,far,far_1,39.96,east,ene
2d4ad545-d03d-4a43-82ff-2397cdc7d10f,31.37,medium,medium_1,138.5,west,wnw
2d55d0c2-d28c-4c83-932a-2e69cd6f9804,16.4,near,near_2,35.56,east,ene
2d60b2d9-12cd-4d54-a8dd-142a71e1ebb0,72.04,far,far_3,50.48,north,nne
2d9e4db2-c3f6-41e2-8154-68af3632f7d4,14.37,near,near_2,41.16,east,ene
2dc43b73-23ba-4597-a50a-56cb19cd7cee,61.0,far,far_2,280.19,south,ss
2e660207-40f3-47fb-9af7-e609bb94c5bc,55.01,far,far_1,213.75,west,wsw
2e8313fd-c79e-4928-ad7a-5ba7d3d5b069,60.82,far,far_2,86.51,north,nn
2e95d66a-109e-4c78-96ad-4e48fccbe235,58.02,far,far_1,193.62,west,ww
2f391b49-1df6-44b3-a29e-ab1be257354c,73.15,far,far_3,240.67,south,ssw
2fbd721f-45b1-4ec0-9e97-66131a8e5339,11.6,near,near_1,270.99,south,ss
2fdf47c6-0c41-463f-81d5-e1b30fca0b56,22.2,near,near_3,276.03,south,ss
30cd3222-32f7-4d0f-81f3-b531d63f1a41,29.45,medium,medium_1,2.41,east,ee
30d180a9-70fa-4106-9e41-ce9290733eb5,53.96,far,far_1,39.46,east,ene
3107e78e-e7a5-435b-bae8-1bc1eb3b0aa0,12.56,near,near_1,138.47,west,wnw
3132f532-3acc-44df-b613-935b323394d3,11.29,near,near_1,121.29,north,nnw
3137ca7b-77df-445f-a99e-93795599785e,20.12,near,near_2,55.3,north,nne
316f5ed6-e03b-48ab-bf06-bbd71ab71868,40.84,medium,medium_2,36.19,east,ene
31b84df8-c719-4b61-9a09-d43d8aa0aac5,30.84,medium,medium_1,32.08,east,ene
32043e2e-1b33-4c38-ba40-58c62b61ff84,66.2,far,far_2,244.65,south,ssw
3339031f-b0dc-4c11-8f0f-424dfeff3c3e,12.67,near,near_1,61.84,north,nne
3360777e-c4d9-4cde-9c12-ab598c155304,47.22,medium,medium_3,213.54,west,wsw
3384e8df-9889-4348-873e-c58925e83192,39.03,medium,medium_2,356.18,east,ee
33d49a3b-b166-44c1-957f-b43259652c69,22.29,near,near_3,34.29,east,ene
340cecc7-1d38-417d-9c73-601a2f9636f7,16.91,near,near_2,350.91,east,ee
3419c483-9bb1-452d-95b4-17247d0738d6,32.6,medium,medium_1,46.34,north,nne
343fec42-4f57-4134-8fb3-6f86d324bd8d,51.1,medium,medium_3,122.85,north,nnw
346a18db-4386-4c93-866c-1ad1a901a724,13.64,near,near_2,205.79,west,wsw
34dd4e83-2f20-48bb-a495-7ecf0c5ecd53,40.0,medium,medium_2,355.74,east,ee
34f15914-52c6-4c68-8ccc-2e680347574f,48.73,medium,medium_3,54.81,north,nne
350903b1-1763-4889-aeba-8946413bb2b9,70.0,far,far_3,214.84,west,wsw
356d5f30-bbfb-4d54-8017-13ea3eae6d2b,61.52,far,far_2,358.54,east,ee
36c32095-72ef-4e3c-9521-c84c28c39351,32.93,medium,medium_1,120.91,north,nnw
372c2139-cbc3-4e41-aa6c-d660657da59e,41.13,medium,medium_2,55.49,north,nne
37876ff0-8944-4028-a68c-6e2822c9d6d8,25.93,near,near_3,58.45,north,nne
378bb6fb-ef2c-45d9-9eba-13200db45804,31.11,medium,medium_1,358.13,east,ee
384e9d50-1323-49d0-98b6-d38b65c0ddd8,51.34,medium,medium_3,54.3,north,nne
38cb5f97-84ac-4643-8a6c-884a19e3a2fc,35.65,medium,medium_1,187.11,west,ww
38fd5e13-a06d-43ce-ba65-25147a2df582,57.61,far,far_1,239.01,south,ssw
3944f44c-1e5d-45f4-8cde-d2f7f90f407a,59.2,far,far_1,239.42,south,ssw
39a1d4b7-4ad9-426e-aea1-c4f6d4454ece,66.4,far,far_2,244.48,south,ssw
39b8255d-8e53-4c9a-890c-57e4a9f23571,18.45,near,near_2,185.65,west,ww
39f1c84e-d498-4427-9718-83cfc68c5aeb,49.04,medium,medium_3,54.71,north,nne
3a3f821a-51ec-49b7-9091-c5ad4b5ce53f,53.96,far,far_1,39.46,east,ene
3a46ac21-721e-42e0-a6f2-f7e28dd6d1ac,30.63,medium,medium_1,212.38,west,wsw
3a53a4c6-deee-4941-a995-aaa7cac037b3,30.26,medium,medium_1,138.17,west,wnw
3b2935a8-e7b3-4ca0-a378-61f09d03065e,70.26,far,far_3,106.41,north,nnw
3c265f29-3893-4f8d-903b-cff991bcc84f,11.65,near,near_1,355.95,east,ee
3cc4258a-3876-4eb2-8105-9553541ff3c6,47.0,medium,medium_3,275.73,south,ss
3ce47a6d-d8b2-4cfa-81d1-e1d5c7c6ed20,53.01,far,far_1,213.7,west,wsw
3d31ac2d-f803-46e0-aa1e-49ee8c66f716,57.8,far,far_1,160.0,west,wnw
3d8984ef-acc3-468e-aaa1-1f963c7e4b9d,68.93,far,far_3,3.49,east,ee
3dbe136a-4b01-4b9a-afb0-c40107630f09,69.9,far,far_3,107.41,north,nnw
3df43023-7470-4478-978d-d0d5048b6d8b,45.81,medium,medium_3,276.25,south,ss
3e05b1d0-fa66-4771-8391-70ed590bc790,39.42,medium,medium_2,41.12,east,ene
3e59ba9f-cbc2-4465-91d0-a3c960ec23bc,35.81,medium,medium_1,239.04,south,ssw
3e90cd07-c23a-4bf4-8fb2-110eba7ec78e,11.76,near,near_1,37.82,east,ene
3eb09590-b392-4043-9a16-c89ae02fbf79,46.43,medium,medium_3,91.97,north,nn
3ec36c1f-905b-45a2-94b5-369c08bdf591,11.04,near,near_1,137.72,west,wnw
3f03fdf4-9249-4b62-862a-5a33248280d7,30.46,medium,medium_1,27.54,east,ene
3faf4122-e4c6-4e24-9f31-92a47341eb8d,53.01,far,far_1,213.7,west,wsw
408596a9-106b-41eb-a51a-fc82c6945242,39.88,medium,medium_2,119.32,north,nnw
40b501de-dae6-4e12-a6ad-0fa5ff14f801,67.2,far,far_2,239.66,south,ssw
40bb7419-51e5-4622-b0c3-18cefa164ffd,60.51,far,far_2,358.41,east,ee
40ddefca-d271-4c27-a16a-98f18b3f6eb5,69.53,far,far_3,33.46,east,ene
4123868c-f17a-4a1f-bae8-271683177254,59.8,far,far_2,160.38,west,wnw
415098c4-70d4-4fa4-90b4-ca892ab34b2e,52.81,far,far_1,213.91,west,wsw
416e5ef6-3384-4c74-861e-4ead9ed8f56f,44.4,medium,medium_3,275.77,south,ss
4177694f-54fc-40c9-a17a-2ede4e4e274a,10.51,near,near_1,137.65,west,wnw
428a4a67-af52-4704-bbe2-df0776acd37d,50.72,medium,medium_3,54.62,north,nne
42ba9a79-b8f9-4144-8837-7fe4c6079428,40.6,medium,medium_2,55.62,north,nne
42c852ea-5114-44af-966e-0e4fa197b65a,60.61,far,far_2,213.87,west,wsw
42d03a48-1e08-41e3-a021-25ff5c3e24ee,37.62,medium,medium_2,213.17,west,wsw
4372e7d9-08ce-4ddf-a526-467e5fe9ea3c,31.03,medium,medium_1,138.22,west,wnw
43adcb44-f0d0-451b-a2c1-ac02ec17903c,13.0,near,near_2,359.25,east,ee
43f3c297-2f7e-456e-ac35-6f47b0c2e390,11.62,near,near_1,237.04,south,ssw
4486528b-8a11-4b31-a884-b3f66d6cce16,14.75,near,near_2,35.73,east,ene
44a1217b-4cca-4efe-bf11-d769012a8d7a,59.4,far,far_1,239.61,south,ssw
44e6313e-839f-4acd-8a8a-6a353af47640,26.45,near,near_3,186.53,west,ww
44f45292-48b2-498d-b7bf-9ed44e762255,66.4,far,far_2,189.65,west,ww
453a054c-51ab-4b7e-876b-ff1ce6db02b6,21.23,near,near_3,211.76,west,wsw
4590eb58-3eac-4529-9ab0-2b68a74a78e9,28.4,medium,medium_1,280.4,south,ss
45dd8353-3379-4f25-a241-3be7e5cf9857,56.01,far,far_1,122.35,north,nnw
45f0e874-9802-449f-8196-9696587daa6e,38.0,medium,medium_2,94.7,north,nn
46bb1acd-1129-4821-9cf6-f8154b201861,69.4,far,far_3,275.33,south,ss
46faaa77-a4e0-4040-b1ce-e5c216c11413,66.8,far,far_2,244.66,south,ssw
47aea54e-90dd-4609-a7d1-e7d243187f64,69.55,far,far_3,3.79,east,ee
47e2aa51-1def-4e2f-94ae-54134396c2c6,30.2,medium,medium_1,275.76,south,ss
480409c2-5495-4afc-99b9-70c3ba01370d,15.66,near,near_2,90.13,north,nn
4894c134-3510-4837-852b-0880ff87f6b3,52.4,far,far_1,275.66,south,ss
4906b8ba-7f18-448d-8e6e-affe307f4d3b,15.46,near,near_2,209.81,west,wsw
494d04b3-51ef-4db9-bd56-a714fde45702,26.4,near,near_3,234.13,south,ssw
49febb07-c31e-4966-806c-ea330aa5f0e8,62.55,far,far_2,34.03,east,ene
4a089151-c149-4cef-a50a-518d163331fe,60.02,far,far_2,158.66,west,wnw
4a5b5c34-e504-402d-ae84-d89882b934cc,58.41,far,far_1,239.22,south,ssw
4b503e3d-ed9c-44ea-85ea-67802eb06cd3,65.99,far,far_2,53.35,north,nne
4b5bf5f6-ee97-48cc-9619-c2028c8fcda4,62.41,far,far_2,275.73,south,ss
4bbb3148-9621-4cf7-be4b-727fab18eb33,17.81,near,near_2,238.07,south,ssw
4c4a5616-08f4-4ac1-92e2-724b2e865c2e,11.29,near,near_1,92.13,north,nn
4c7a1095-7a4d-4195-8276-c8ebbf680b7a,12.37,near,near_1,59.19,north,nne
4c8bc5f1-165e-4520-8bea-47e3bb3f41c7,47.6,medium,medium_3,239.76,south,ssw
4d11d992-d4cf-4a58-8f17-f3461fd2de24,62.42,far,far_2,213.71,west,wsw
4d922de4-feb1-4a3d-a442-900862055ffe,59.03,far,far_1,193.25,west,ww
4dc01f51-13fa-430e-a73f-99c2fe7c717d,70.41,far,far_3,164.02,west,wnw
4e241587-3c22-46e3-b117-6b5e1e20ea1f,58.82,far,far_1,193.44,west,ww
4e6e8a69-c969-40d3-84a0-75a649860447,38.0,medium,medium_2,275.3,south,ss
4ea33321-5ed6-4d21-901a-b6df699f2b51,45.39,medium,medium_3,35.31,east,ene
4ee9dde5-7685-400b-b9cd-ec659dc80bee,39.21,medium,medium_2,213.54,west,wsw
4fdd812c-081d-4f61-8b96-fbf420c588b5,62.16,far,far_2,29.06,east,ene
5023a687-ac2c-4d7d-b175-f688357aa7a6,42.57,medium,medium_2,135.57,west,wnw
508adef9-5df3-4cf3-8c0e-bf67e5a94416,70.22,far,far_3,163.69,west,wnw
50c5bff5-ec03-4946-b2e2-6498ee0f13c4,11.86,near,near_1,184.19,west,ww
5140338a-5dcf-405e-b0ff-541ea2c5b055,13.0,near,near_2,359.25,east,ee
5146202d-794c-4207-ab0c-29b677bbdc31,25.66,near,near_3,185.98,west,ww
5188a386-4a8a-48fd-8da8-99138ff20523,12.18,near,near_1,359.26,east,ee
51894a1b-1e6b-40a0-b089-635430da4a2e,71.4,far,far_3,201.63,west,wsw
51a42532-582e-4ca2-9b67-f1bfc0f8da35,28.87,medium,medium_1,88.97,north,nn
535935e7-a4f3-4220-9604-d026c75d284a,8.26,near,near_1,188.05,west,ww
53c341b8-f14f-4694-b602-a0336456d390,49.43,medium,medium_3,193.14,west,ww
53c6c89a-d01d-47ef-abc0-ebc9954afe4f,50.88,medium,medium_3,122.39,north,nnw
542988d2-26fc-4fac-ad54-788d57b3b434,21.84,near,near_3,211.33,west,wsw
542a03b3-842e-469a-bce9-5205b5513836,68.14,far,far_3,33.7,east,ene
54451c16-f2a5-4f3b-981c-0bc8570a11d3,42.64,medium,medium_2,187.58,west,ww
548e3e53-35e2-490c-9511-132dda20b5de,29.62,medium,medium_1,212.68,west,wsw
5598d99d-15b7-4f5c-b6bc-920693eb0df9,9.14,near,near_1,199.92,west,wsw
55bdc079-5cfe-4bff-96c1-a874bdcc3c31,12.53,near,near_1,181.74,west,ww
55f221f8-fbbb-47c1-a861-2684aedfd171,69.59,far,far_3,106.99,north,nnw
566dc34c-8c86-41ee-ab29-ffe3d98764b0,40.2,medium,medium_2,124.34,north,nnw
568ab3d4-2380-47f3-8102-320d4416fba5,18.55,near,near_2,56.19,north,nne
570acb91-541a-4598-ad98-51f36c1365eb,11.46,near,near_1,356.22,east,ee
57b22e6c-4899-489b-881c-998da90f3e4f,50.63,medium,medium_3,187.96,west,ww
57ba7f35-414c-47d3-ab8a-72dd77c0cd94,46.21,medium,medium_3,0.46,east,ee
57c2f8db-752a-4b5b-9970-22c76aabdcee,53.98,far,far_1,39.68,east,ene
5801586d-cf4d-4d2c-b761-2d19b8e550c7,44.05,medium,medium_3,135.8,west,wnw
58364198-04fb-4bed-99ef-760a2a01cda3,19.93,near,near_2,55.41,north,nne
583a6ef8-c162-49cc-ba55-48f0fcfeaa0f,33.84,medium,medium_1,192.29,west,ww
5877ef6b-8ac1-4189-a1fc-687b79d0f6b8,19.25,near,near_2,190.83,west,ww
589128dd-40c7-464a-8b8d-8ec22bd8c975,69.33,far,far_3,3.47,east,ee
5a1bdd42-5f8b-48c1-ab96-3af6b6fa6a32,22.0,near,near_3,276.04,south,ss
5a72e55c-1600-458c-b3e4-d8274f0efb36,57.81,far,far_1,188.81,west,ww
5aa14298-6638-43f3-b214-ab9967eef2c1,20.46,near,near_2,58.63,north,nne
5ac2548c-ba94-4a01-8b40-609d74d33f24,54.21,far,far_1,275.85,south,ss
5b8d1697-e648-4647-a16b-63254429a38e,59.43,far,far_1,86.74,north,nn
5c347676-dabf-4411-ad00-baf50a54c9e0,19.48,near,near_2,184.7,west,ww
5c705cd3-4014-422a-a73f-f907c30dcfc0,57.6,far,far_1,95.2,north,nn
5d69c933-86d9-4523-aa8e-ae3a72cffd49,68.98,far,far_3,81.7,north,nn
5dc52524-12aa-4981-9592-97793823a0c8,72.11,far,far_3,238.39,south,ssw
5e227129-55e7-4eb8-9220-fdbfb8598d51,12.41,near,near_1,267.77,south,ss
5e4c4775-8883-48c7-968a-dda149c5820a,38.4,medium,medium_2,275.9,south,ss
5f4ac639-4f0e-41ce-80a3-4c3465b021f3,44.0,medium,medium_3,0.48,east,ee
5f5d5dad-6bcb-42d5-80dd-9c7dc4520bb9,35.05,medium,medium_1,192.06,west,ww
5f91beb2-a7c6-40b0-b9ba-45f761d3ca18,38.4,medium,medium_2,95.0,north,nn
5f93c8bd-0f3a-4451-8c2f-eedb9eba7f5c,41.82,medium,medium_2,119.28,north,nnw
5fb89dac-68cd-4759-8083-f8e16ee168e1,58.21,far,far_1,239.21,south,ssw
5fb97878-a6f9-46b8-a855-2cffff918f44,61.82,far,far_2,163.52,west,wnw
5fc2268d-28d5-43cb-8727-89bc77b49309,31.65,medium,medium_1,138.46,west,wnw
5fc55cc5-64be-4c08-ada5-e23e864365ea,46.62,medium,medium_3,213.52,west,wsw
6000fc3d-0268-4666-b661-86232e25153f,11.7,near,near_1,11.89,east,ee
6045eb8a-f709-4561-84e8-f1399f8651fc,34.8,medium,medium_1,234.34,south,ssw
6058ceaa-474d-4484-9773-f6a5e7c91be4,69.41,far,far_3,189.17,west,ww
61046ca7-d87c-4b6b-9e83-6b830718497a,59.2,far,far_1,94.81,north,nn
610b6376-7299-4ea2-9fcd-c4fce5435efd,28.6,medium,medium_1,280.4,south,ss
613fdaf5-0c99-4dc8-83e9-28980b066a82,52.37,far,far_1,359.6,east,ee
61d06d2d-f7d5-4795-a9b7-219486944630,11.9,near,near_1,31.61,east,ene
62603f58-a8c8-44e3-b039-6174c4644434,61.93,far,far_2,33.7,east,ene
627b051f-c00a-4945-a4b7-868409507dcb,11.69,near,near_1,62.85,north,nne
630a82df-6dcd-450b-8abc-c1bc454cf3be,10.28,near,near_1,137.59,west,wnw
63a0a8d0-b961-4cc9-ab8f-1c97c012bce0,45.64,medium,medium_3,87.26,north,nn
63f7dfdf-66c7-48af-9ff1-9e6f66cd4071,44.82,medium,medium_3,213.47,west,wsw
646c9414-8dc6-436c-a882-187313c58349,70.3,far,far_3,53.1,north,nne
64bbfdf1-c991-4e0f-bd2b-c1664b92150f,69.2,far,far_3,280.33,south,ss
6502c201-3596-4ddb-a703-e79ed47f6b27,61.39,far,far_2,34.48,east,ene
65f6a41f-2ece-4722-87ab-7a7fabe5fa09,40.22,medium,medium_2,35.99,east,ene
6631dc82-380b-4f04-92c1-e25115fa15a2,53.98,far,far_1,39.68,east,ene
6664bd01-f401-4201-9ce0-7566b4889204,26.9,near,near_3,58.55,north,nne
66d13b49-a464-4222-bc1d-40a6bc96afd1,34.65,medium,medium_1,192.02,west,ww
6704bb4c-85e6-439e-aea0-7beff29f6411,44.32,medium,medium_3,135.81,west,wnw
6777559a-0b56-4251-afb5-9f0a1d534147,62.97,far,far_2,29.19,east,ene
6823ea73-67b0-4699-8219-b903a5cc5061,53.98,far,far_1,39.68,east,ene
68336e63-2b96-4a10-81cb-2dff42877232,68.7,far,far_3,101.65,north,nn
68612b9a-1ae6-4d13-902b-0e0399d67dc9,30.83,medium,medium_1,212.4,west,wsw
68d8a1e3-b642-4c0c-9535-2742641953d0,60.62,far,far_2,163.49,west,wnw
696b936a-8c67-4bbf-9440-d15b30d34603,21.69,near,near_3,90.29,north,nn
69c18ea3-bae2-4bb4-8228-eee297dd0c8b,26.67,near,near_3,58.19,north,nne
69ef80a5-40cb-426b-a25d-6ae5864f575d,11.95,near,near_1,37.53,east,ene
6a30b2b0-7901-48d1-8cfc-318ca3aaa422,37.57,medium,medium_2,0.5,east,ee
6a3cc9d6-78d7-4292-bc60-b3bec4b63d49,58.4,far,far_1,160.59,west,wnw
6a63987c-0951-46f6-81a6-794e2b2c1db3,11.56,near,near_1,126.33,north,nnw
6aaa5ebb-e51f-420c-bb2e-e2f7853ba769,25.06,near,near_3,190.88,west,ww
6b41c03a-8f9c-4fcf-bb85-0a0a981f5143,65.01,far,far_2,193.94,west,ww
6b61a871-482e-43b3-82a6-2a0df1bb575e,27.61,near,near_3,233.75,south,ssw
6b9c6645-f54d-4f06-a799-376a8f152374,41.84,medium,medium_2,187.53,west,ww
6bf297db-60d4-4087-8f09-83455e6de8b0,18.61,near,near_2,238.15,south,ssw
6c158c09-899e-4248-892b-f56f5f15dbf5,15.46,near,near_2,90.19,north,nn
6ca8b044-7383-4839-a70b-194cb73e3527,23.0,near,near_3,276.0,south,ss
6cb29077-5982-486d-ae55-6ef6707061c5,21.93,near,near_3,4.98,east,ee
6cd447e1-0e1a-4fb2-8437-7a8b59b22101,20.42,near,near_2,237.75,south,ssw
6d4fff01-b82a-4f84-a6cb-abd6d8ecce2f,43.6,medium,medium_2,54.95,north,nne
6d78d6b6-1263-4d0b-9380-b682897a121a,70.01,far,far_3,163.85,west,wnw
6de463ca-00b4-4ccb-b2cc-136e44594abb,11.18,near,near_1,184.7,west,ww
6deb8718-695e-49df-932f-6a41f27e2742,14.2,near,near_2,280.81,south,ss
6dec99d5-c9e1-496e-aed1-2a6ee0bd2597,71.15,far,far_3,93.09,north,nn
6dfd5a8d-3717-4897-9e8b-4b744b1c05e3,27.01,near,near_3,233.73,south,ssw
6e2ba7bc-7d6e-4d18-9aae-055bc03d0ed9,46.8,medium,medium_3,275.49,south,ss
6e69ffbd-da75-482a-898d-af2c62e279d2,12.0,near,near_1,270.95,south,ss
6f43b530-4ad4-4902-8130-7ced8e394c9f,37.23,medium,medium_2,212.84,west,wsw
6fcb2139-35d9-4b88-a26f-2dadedfa848b,12.81,near,near_2,138.6,west,wnw
6fdcf332-7f35-4cfa-b395-0b118e1916f3,51.33,medium,medium_3,121.93,north,nnw
7026f7f9-e01a-41ad-8691-1d0b4beb213b,21.83,near,near_3,211.85,west,wsw
704767e0-06fc-4aea-86db-1a0da62e682b,51.04,medium,medium_3,122.7,north,nnw
71136e57-af38-4597-aee8-24da2b9b88be,14.5,near,near_2,139.47,west,wnw
7136316f-717f-40de-97e9-458ed375773c,39.0,medium,medium_2,275.88,south,ss
715cbb31-d5d8-4551-91ee-86e90803dab2,56.85,far,far_1,54.62,north,nne
71e51ddd-0e3c-4f98-bbe6-c56d3625b98e,37.8,medium,medium_2,275.61,south,ss
725ef071-bd75-456c-abaa-7f64b4036631,61.43,far,far_2,86.68,north,nn
726fac16-984f-4217-82af-b8223ea9af48,60.31,far,far_2,358.42,east,ee
7274aa52-dbb8-441c-a12b-f453b15b8685,22.99,near,near_3,139.25,west,wnw
728e700b-9c6b-45ed-bd11-8c85c39e40f0,66.6,far,far_2,244.48,south,ssw
7291e8bd-ef4a-4a4e-807e-6af91ad7c62e,14.47,near,near_2,209.45,west,wsw
7311436c-d142-40cc-a2bf-9760c689d21c,27.62,near,near_3,125.83,north,nnw
73146e34-6dab-41a8-8250-046e6aa39934,57.41,far,far_1,188.8,west,ww
73366d1c-b3bb-4653-8bbb-16429cd79367,27.03,near,near_3,120.93,north,nnw
7385c3e0-e1a1-469a-9566-ccdd77fbfd44,70.64,far,far_3,86.95,north,nn
73a48f7d-9ec1-454b-9698-a84835d6def9,17.5,near,near_2,350.54,east,ee
73b2fa25-ab9e-45bb-a851-de653d4f8718,57.23,far,far_1,188.2,west,ww
73c20783-5676-4d24-9a87-3ddc334f6d20,40.02,medium,medium_2,36.02,east,ene
73dec31a-cb01-45ae-be08-01950bb37039,21.49,near,near_3,90.34,north,nn
743bc2e9-a9a8-441a-b9f2-6cd12157d29e,64.61,far,far_2,188.94,west,ww
74df7c4b-dbc1-4ced-b149-c76abe83840d,30.72,medium,medium_1,358.24,east,ee
750540e3-adb9-4f78-9871-468a498bbd4a,21.45,near,near_3,211.26,west,wsw
75155891-fd65-42ad-8754-1bfed2030aa8,21.28,near,near_3,89.85,north,nn
754383bb-d244-4f1c-9fb7-8f9ec2b892d6,60.81,far,far_2,213.87,west,wsw
75c77917-7df2-4117-8d95-ff8ee05c9d4c,70.61,far,far_3,306.14,south,sse
7627dd12-cfc0-4e22-b25f-dc1a68fe05af,17.69,near,near_2,350.42,east,ee
76894ca1-830d-4f82-945d-dde8124176e6,25.85,near,near_3,186.45,west,ww
76d7569c-d632-47a0-b9ff-b566dd76d208,43.87,medium,medium_2,122.58,north,nnw
76f4edb0-8dd5-4b36-b7be-2ccda5c9edb8,13.68,near,near_2,138.85,west,wnw
76fbc19a-0ddc-4e89-b044-db3f871d0c27,12.47,near,near_1,30.82,east,ene
7707ba48-d66d-4acd-99f2-10ef02771124,68.52,far,far_3,33.35,east,ene
78d8621b-0649-493d-96b0-ad2137a3cda6,58.42,far,far_1,188.43,west,ww
79141ca3-cae2-4d86-8c8c-6b60fbcc371c,71.78,far,far_3,50.15,north,nne
798082db-aa76-4273-9442-fbe66269e16d,62.74,far,far_2,33.84,east,ene
79ac0de3-3c9a-422c-ad60-c691c2baedfa,62.83,far,far_2,359.93,east,ee
79dfd9a7-eaac-41f3-a92f-7d2c1eb78c85,21.77,near,near_3,5.59,east,ee
7a93426b-a4b9-4a62-82d5-08089a54f757,15.81,near,near_2,276.45,south,ss
7b1b8bb7-9ab3-4716-96fd-a5092dd1b1bf,11.86,near,near_1,209.19,west,wsw
7c6d17e9-074f-4aae-af11-c547921cd924,28.85,medium,medium_1,2.57,east,ee
7ca90eda-3558-456c-a736-b18fb7b39181,46.81,medium,medium_3,35.39,east,ene
7cd19fa5-bbe1-4de9-8bad-f2cdf496f9cd,19.14,near,near_2,55.84,north,nne
7cf25a80-ec24-4d7c-b6af-0cdb62f48a54,51.01,medium,medium_3,239.1,south,ssw
7e3d1fe7-ad5c-4630-99bd-236a8d11bdbd,67.2,far,far_2,189.83,west,ww
7e3d3362-e080-4eef-93cf-e619232b3ea5,69.21,far,far_3,194.17,west,ww
7e6e321c-091e-4510-9715-17f38c28dd23,58.61,far,far_1,239.22,south,ssw
7e883524-5b9c-45e2-ac40-23bb908995a5,61.41,far,far_2,275.75,south,ss
7ef19ae7-e983-4033-9cda-e926f4d29c21,39.4,medium,medium_2,95.29,north,nn
7f5e5ee2-041d-4d31-a5c2-392def24559b,70.64,far,far_3,106.88,north,nnw
7fd7435c-b5c7-4b23-a2d0-5c0016387331,33.02,medium,medium_1,120.8,north,nnw
80fba989-c1c8-4f81-91cc-c37112d77989,69.0,far,far_3,275.17,south,ss
811b6a51-4f03-4c15-bad1-3e172b64249e,20.82,near,near_3,353.29,east,ee
818fed65-1aaa-4b8a-9b9d-1336697182b9,71.6,far,far_3,186.88,west,ww
81c95b0b-2178-4ba9-87e4-549188dca91d,53.38,far,far_1,39.73,east,ene
81ddd9f7-4d77-4fa4-b083-077f8a811bd4,26.73,near,near_3,125.89,north,nnw
823c6a77-7c7c-49a5-8ab4-753c842a44fd,11.83,near,near_1,236.12,south,ssw
8299ea3f-c8bc-4396-a781-91f34b77bcbe,27.86,near,near_3,236.3,south,ssw
829dbd12-492c-46af-b721-9eb98e14581a,72.29,far,far_3,48.78,north,nne
83b87f9c-1103-49ef-b8d8-6ee1400fe861,22.04,near,near_3,211.36,west,wsw
83c4a8fa-5678-4f71-8964-cb1d918201e3,11.21,near,near_1,272.05,south,ss
83d5bdff-84e5-40ec-817d-12994604df2a,13.19,near,near_2,138.61,west,wnw
8421a1ee-6065-4d6a-8061-74bd61456c1e,15.26,near,near_2,209.74,west,wsw
8466fec2-e806-4efa-9ed8-3126bb921b87,61.01,far,far_2,213.87,west,wsw
854d0da2-8064-4a42-bff1-1baa585dd125,22.13,near,near_3,4.89,east,ee
85c238d4-7621-4597-a243-efa2b6fead05,59.43,far,far_1,188.26,west,ww
85d389e4-39c2-4f92-ab9c-d06495aff11f,38.21,medium,medium_2,41.01,east,ene
85f53a73-052c-483e-9e4e-714fb4261559,35.45,medium,medium_1,187.09,west,ww
86e925f5-d4d5-4981-be6b-ee8198556cea,45.22,medium,medium_3,96.52,north,nn
872143ed-1dc5-4169-9622-f304b4a54dd7,12.37,near,near_1,354.04,east,ee
874cccd5-ebd6-46cf-9873-14988570b345,35.41,medium,medium_1,234.03,south,ssw
87646c96-b474-4dd7-bf51-0edf20c85ad0,35.85,medium,medium_1,187.12,west,ww
8765dbc0-e9fe-4b89-bbb9-f5922a87db0b,42.04,medium,medium_2,192.55,west,ww
878eae1d-cf90-4d66-b741-0531954cb537,53.6,far,far_1,275.64,south,ss
8796f9f1-6b09-4c91-a7ef-c8f486bf6509,11.38,near,near_1,38.43,east,ene
87c146c6-bc46-4a4c-b6c9-2e09df01a5f7,10.1,near,near_1,202.03,west,wsw
87e66a3f-8226-46d0-a29a-07883e011ca9,21.05,near,near_3,211.19,west,wsw
889ac682-82e1-4591-a002-343a81992407,12.13,near,near_1,186.47,west,ww
88c2290f-d233-4650-be39-fff598f2ca38,26.47,near,near_3,126.02,north,nnw
88c4064c-efa0-496e-a58d-724d62b9c38c,20.22,near,near_2,123.32,north,nnw
88e04d97-9d77-4590-8c4f-ba4e1ed15ddc,9.34,near,near_1,195.13,west,wsw
890e2bc0-9561-4107-9d81-86ee3abd0fbb,68.8,far,far_3,214.83,west,wsw
894e9a48-407a-4a47-8b62-ffd3fa3c9465,12.11,near,near_1,92.59,north,nn
898f1824-1c04-41e1-82ea-ab4bc4569a7a,57.81,far,far_1,160.79,west,wnw
89afe8ad-294f-43a3-a787-fb6027e4df57,67.13,far,far_2,53.59,north,nne
89b5b141-8d7d-4749-80a3-02a5ec01dc7e,28.68,medium,medium_1,89.4,north,nn
89d9048f-be20-4c1d-981c-ef6f716b5f4a,48.0,medium,medium_3,239.28,south,ssw
89f92b8a-c395-42ac-8034-c66eefa0500c,69.43,far,far_3,86.65,north,nn
8a068171-3096-4f34-863b-da36e65da52b,12.01,near,near_1,237.14,south,ssw
8a0fc30b-b978-46e3-9bdc-713b32262c93,65.11,far,far_2,53.35,north,nne
8a9229a3-7d1e-4169-8c9d-570bd79fd03a,70.96,far,far_3,28.88,east,ene
8aa61296-2874-4439-9c61-d83751c82ced,73.37,far,far_3,235.46,south,ssw
8b3b3ff7-bd76-4b6d-a48b-706b875fc16a,21.63,near,near_3,211.82,west,wsw
8b48ae9e-5210-4713-bf18-4ab3b1860749,70.01,far,far_3,194.18,west,ww
8b75ded9-a6c9-425d-9281-94ed4cd2c8d9,28.8,medium,medium_1,275.8,south,ss
8b87de18-34d5-46f4-8947-0714b2435d4c,12.19,near,near_1,126.87,north,nnw
8ba45412-702b-4ce4-8e6f-c416152070d7,30.76,medium,medium_1,138.24,west,wnw
8c1957f4-abcb-4f3e-b7eb-dbc437a2af1d,43.22,medium,medium_2,135.75,west,wnw
8cc249de-269c-4152-85eb-547896d56d0f,68.72,far,far_3,3.34,east,ee
8cefab09-c4f3-4136-aed8-7b0aae99c232,22.49,near,near_3,29.21,east,ene
8d81b77d-f0a7-470c-9772-3c60a9983eb1,42.11,medium,medium_2,119.53,north,nnw
8d8661ce-43d3-4812-98bb-d3ad85216474,18.42,near,near_2,237.51,south,ssw
8d8acc99-9564-45c4-b954-802b0ab77de4,11.59,near,near_1,46.25,north,nne
8db05127-ec3c-4b48-8a74-1c7bc8630edc,27.2,near,near_3,239.16,south,ssw
8dcd776c-c6e3-40c9-a4c8-a9b7e05158bb,14.2,near,near_2,280.81,south,ss
8df1c2ea-4450-49ce-8c5a-4c830cae83fd,19.69,near,near_2,123.75,north,nnw
8df84572-853c-4730-93db-71fd77148e00,51.42,medium,medium_3,188.44,west,ww
8e5b1e1a-fe81-496e-9303-2127b47c22ea,27.28,near,near_3,125.9,north,nnw
8e62a7b0-d5df-445d-8e72-bbf8b8f0813b,18.42,near,near_2,232.51,south,ssw
8e734a6f-2524-470b-aee8-7252da30b140,53.6,far,far_1,39.92,east,ene
8eb14faa-376f-4b83-9eb5-a8d5d3d7e4ca,16.02,near,near_2,35.95,east,ene
8efcc70a-cf14-473c-9550-32c8f07d12ba,15.61,near,near_2,276.47,south,ss
8f3a1f36-011b-43b9-ad85-0f8e82063ec7,40.4,medium,medium_2,0.68,east,ee
8fd5c6e8-9af9-405e-898c-46d49032e5e7,53.98,far,far_1,39.68,east,ene
90292d8d-69c2-4c52-ba1a-341107fa93cb,35.61,medium,medium_1,233.71,south,ssw
909f7559-6f40-4fb3-ad51-dc41345e1dae,46.63,medium,medium_3,35.66,east,ene
90b7f067-af4c-4d96-a606-feec70968598,14.89,near,near_2,208.83,west,wsw
91591ff0-ba24-4b81-b34b-50ea7568f074,11.41,near,near_1,71.11,north,nne
91b952d7-c250-4026-85b7-56c3f006c462,29.68,medium,medium_1,142.66,west,wnw
9295cbae-a4f2-45e4-9c35-8072258326b5,61.73,far,far_2,353.72,east,ee
92edd47d-f3d7-4d15-a361-28cb0bc17b3f,9.7,near,near_1,201.7,west,wsw
93087d11-a6a1-48cd-9bae-396eaed0fd8a,44.82,medium,medium_3,86.79,north,nn
9357b85f-b323-49bb-b0c9-f762151b12fe,33.24,medium,medium_1,192.24,west,ww
93dd657b-a40a-4117-b6be-e626e506ac0a,45.81,medium,medium_3,0.51,east,ee
93f94be4-159b-42a8-8095-13a385f89c9a,60.8,far,far_2,280.38,south,ss
943c72cb-9113-4eed-b483-f68595a97ac1,48.77,medium,medium_3,122.5,north,nnw
94f10307-b1f0-4eb3-9ec8-e9f13e66e640,12.91,near,near_2,138.46,west,wnw
94f647e6-50ea-47a9-aec0-5be043aed55b,17.81,near,near_2,238.07,south,ssw
951372e2-64e7-49be-800e-69e0abe9d838,10.83,near,near_1,66.73,north,nne
95276d4e-f1f9-4991-a17c-e51e5e20b7d9,20.3,near,near_2,123.32,north,nnw
9536d770-a7f6-430e-8701-6c45cdbce93c,57.22,far,far_1,86.6,north,nn
959b3b81-2633-4795-9446-0f77ed84d5f7,11.32,near,near_1,12.47,east,ee
95b194c2-e460-4031-b65a-eecaf4330d2f,58.4,far,far_1,94.8,north,nn
95b8478c-39a4-4ae3-ad56-5ec0fe72a5ba,12.8,near,near_2,275.9,south,ss
95ded4c3-c16f-4420-a63d-d2663956ebdd,56.0,far,far_1,122.02,north,nnw
9682f827-1aaf-4120-9e0e-ee2f8f146df4,34.88,medium,medium_1,56.21,north,nne
96b38d66-0d6e-43b6-86d4-835459d0343c,30.8,medium,medium_1,94.63,north,nn
96e73721-e2a9-4301-aff1-61429240cd3e,35.13,medium,medium_1,56.22,north,nne
97492359-6f31-4645-a0cc-595a178ec666,58.0,far,far_1,160.0,west,wnw
974d77bd-dd9b-4c28-8f70-d4c51e3c3194,38.8,medium,medium_2,275.89,south,ss
976986a1-df8e-4284-9e02-41678b1748af,64.42,far,far_2,188.58,west,ww
97722fbd-426a-4f1f-b522-ac74b7e80fc0,71.01,far,far_3,53.26,north,nne
97d9efe4-6e29-4ae5-8f15-22dccfac0a31,30.43,medium,medium_1,212.36,west,wsw
987e743b-d91e-4231-a7d3-dd45d614f51c,69.96,far,far_3,106.9,north,nnw
98a26df7-977c-4f0d-a518-855cc77f4771,69.14,far,far_3,121.88,north,nnw
994572e3-a7a7-4a46-ae2b-5da16441f045,71.27,far,far_3,49.12,north,nne
9a0a4ac8-ba8e-4360-85e7-9ca07329bcd2,58.6,far,far_1,160.39,west,wnw
9a1ac345-d479-44d9-8c11-4e1531d9b8a7,70.61,far,far_3,194.19,west,ww
9a9897c1-79f4-44d7-b5f0-fa113f5f4e2a,36.6,medium,medium_2,94.37,north,nn
9ad195fa-09d4-451b-86fb-b7340950c91d,14.89,near,near_2,91.17,north,nn
9af31def-bb88-4f96-9db8-390456356247,57.81,far,far_1,239.01,south,ssw
9b59ca3c-b585-4722-9f4e-f9ce7105aa5a,34.61,medium,medium_1,56.3,north,nne
9bdc30bb-6b18-48d0-9268-ae9521d8151b,12.01,near,near_1,237.14,south,ssw
9c1407a5-a5fe-455f-b7a0-83ece753cb27,69.01,far,far_3,194.0,west,ww
9c20616c-ca66-4237-be8a-598b23106da6,12.04,near,near_1,138.27,west,wnw
9c4b1807-d6bc-4985-90ce-04b9892d36f6,22.73,near,near_3,138.63,west,wnw
9c7648ea-fea9-48f5-a292-85cda821d853,63.2,far,far_2,280.36,south,ss
9c81e0d9-7619-4ab7-be49-b716267aff59,65.98,far,far_2,120.72,north,nnw
9cc00cc2-4849-4368-afb6-23a720d30a1b,37.6,medium,medium_2,94.7,north,nn
9cfd4cde-3a35-4599-bd65-c2408de983c9,19.86,near,near_2,190.38,west,ww
9d268650-5b30-4d6e-8b79-a73fb77aef5f,62.8,far,far_2,275.36,south,ss
9d5f971a-db4c-4af9-8094-a4c7b4472123,69.41,far,far_3,163.84,west,wnw
9dae04e4-b328-4648-961a-4843ca135694,70.51,far,far_3,53.25,north,nne
9dee344c-5ab2-4637-a210-2c3f158dca56,70.15,far,far_3,28.76,east,ene
9df52829-f858-442a-b444-a181b89c4d69,20.88,near,near_3,89.95,north,nn
9e4d8ed0-d1f9-412b-84f4-a05cedf37baa,70.0,far,far_3,275.16,south,ss
9ea96efc-5d87-4b92-be33-19124eb69a2b,57.8,far,far_1,53.73,north,nne
9f023261-03fa-44c3-a4dc-f6f40b5a223e,54.62,far,far_1,213.53,west,wsw
9f3c39c4-7f8f-49f0-90ad-0b3aebae39fd,39.4,medium,medium_2,95.29,north,nn
9f560e6e-1ca3-4746-8211-e5c22e51e00d,45.41,medium,medium_3,213.74,west,wsw
9f7148c6-efb8-44d5-9c9d-9374074ca282,42.42,medium,medium_2,135.23,west,wnw
9fcf218e-8039-47a9-81d1-cb08b172a7fa,45.69,medium,medium_3,135.85,west,wnw
a0116e29-5df3-4d98-90e7-6c4897cf9897,21.34,near,near_3,30.26,east,ene
a038a461-cbc8-46f8-85e6-ff2e22d83765,11.01,near,near_1,272.08,south,ss
a054674a-cb25-42a2-b303-eb4448bcd3d2,50.38,medium,medium_3,54.78,north,nne
a0643011-d256-43a8-81ee-a03fd821511d,22.44,near,near_3,211.42,west,wsw
a0a1309d-61aa-4c9c-94a6-a377ce7dde17,36.01,medium,medium_1,238.73,south,ssw
a0b56500-a1fa-4f98-a79c-183ccde69139,29.25,medium,medium_1,2.47,east,ee
a0f7ff68-f679-4b82-9126-57da696343d5,71.0,far,far_3,215.32,west,wsw
a13847e4-58ae-46a2-a3a2-e9c17acf9da2,34.08,medium,medium_1,121.16,north,nnw
a1462e43-a65b-472e-bab8-d3370b8c8f1a,14.56,near,near_2,40.95,east,ene
a15773bf-2a95-424c-8368-e81efb83c744,24.36,near,near_3,139.85,west,wnw
a20f083e-48fc-4a56-bc96-29d99af51d43,71.8,far,far_3,236.72,south,ssw
a21c601b-975f-4ffe-a04b-ca46ef97122a,51.41,medium,medium_3,122.7,north,nnw
a24981ce-4402-47c9-8643-7583d50dfa52,39.6,medium,medium_2,0.8,east,ee
a25850e1-0edf-4e6d-9217-42bec9c5594a,25.25,near,near_3,186.37,west,ww
a267f431-330c-4d8d-b5ac-cb1cd0ca5327,13.1,near,near_2,20.95,east,ene
a276b15c-2131-4f4d-a27e-6f0c9d82dcb0,36.0,medium,medium_1,121.15,north,nnw
a28f93a5-f511-404a-a179-e27767b10a9b,11.91,near,near_1,92.72,north,nn
a32c68e0-e5d1-42ea-a8b0-5dcc0a136f0c,34.39,medium,medium_1,56.01,north,nne
a3715057-828a-4d99-8804-705aaee5e014,54.18,far,far_1,359.66,east,ee
a3a55c7b-f0d0-4842-a657-d054ed5161a0,52.58,far,far_1,354.8,east,ee
a3c918ed-e4ca-4f1e-a12c-03a0ba66e469,62.61,far,far_2,276.1,south,ss
a436cc4f-d8aa-4ead-84ee-0dab15e3a937,58.78,far,far_1,53.88,north,nne
a4673814-3b53-4250-b00c-bb8e9a6ae720,37.6,medium,medium_2,275.61,south,ss
a47a9a85-1eee-44cb-94a4-2888b8549378,54.56,far,far_1,359.41,east,ee
a4bdba1b-a6f0-4a79-88ad-07f840505952,10.94,near,near_1,13.1,east,ee
a50e6828-278c-42c3-b12d-abaedfae675e,10.3,near,near_1,197.18,west,wsw
a57b1b4e-00b0-4778-9d96-07fb136fd003,61.81,far,far_2,213.89,west,wsw
a736de99-81a7-4317-9c5b-9fe76977d81f,45.39,medium,medium_3,0.31,east,ee
a7384d21-f953-44b9-9a16-1d5b7ff7a8da,46.41,medium,medium_3,35.44,east,ene
a7f84ebb-eb90-45d9-8dfe-24540a204ae8,12.6,near,near_1,270.91,south,ss
a8b6f1e7-19bf-4375-a211-b6f3a50b640b,54.01,far,far_1,218.73,west,wsw
a9566be7-5c96-490e-a8f4-ab203730adc6,65.31,far,far_2,53.34,north,nne
a95ff5cd-889b-402c-b93e-1138865141d2,47.02,medium,medium_3,213.54,west,wsw
a961e985-f69f-4956-92e6-862d9f8956fd,46.01,medium,medium_3,35.49,east,ene
a9c461f9-6968-4b53-968b-28d520899fd8,58.62,far,far_1,163.63,west,wnw
a9c59f8b-bbe9-4da0-94c7-4273c6a7f4f0,14.05,near,near_2,205.1,west,wsw
aa29fc44-b198-45db-b515-2511b9a0702d,70.15,far,far_3,275.32,south,ss
aa564055-1f84-44c8-86fe-68e8fc6e11d8,70.44,far,far_3,86.95,north,nn
ab78fd60-b42d-4ee5-8e7c-bf46d11fd981,39.6,medium,medium_2,95.0,north,nn
abce3880-86fa-4de0-8901-1439cb4c660e,65.18,far,far_2,121.4,north,nnw
abdbbfbb-4ea6-4522-880e-acdf5d17c886,10.8,near,near_1,137.64,west,wnw
abdd0b8c-4624-41ff-a651-db8d4dc1a34a,29.83,medium,medium_1,212.31,west,wsw
ac0066cc-bece-4fea-b46e-966aefc1bbde,15.66,near,near_2,209.87,west,wsw
ac1b8e76-d8d0-4077-a898-06fd49363a8c,22.13,near,near_3,34.89,east,ene
ac54d57f-0ee8-4887-8146-0a89223d8e66,68.61,far,far_3,164.0,west,wnw
aca29cfb-0c26-487e-b2c6-5b22274b0792,56.01,far,far_1,121.96,north,nnw
ad28ea0c-c286-400e-8b48-f0c2160cf371,18.81,near,near_2,123.11,north,nnw
ad45a126-935d-4582-a048-328210aceea3,61.61,far,far_2,213.88,west,wsw
ad84f020-8eaf-4320-b67f-13364623931b,55.36,far,far_1,359.35,east,ee
adef3b37-15c3-475a-95f0-391a035a8fa7,29.23,medium,medium_1,212.26,west,wsw
af04196f-054f-4ef5-8399-c1812ff28a85,13.97,near,near_2,139.14,west,wnw
af147309-6437-4cb6-a091-1b51b103f09f,28.19,near,near_3,57.91,north,nne
afd6cc5e-93d8-496d-a14a-08db40087dd1,44.81,medium,medium_3,276.02,south,ss
b03be08b-6105-4e23-b0b8-a1261cc0eae1,12.79,near,near_2,79.9,north,nn
b056afeb-2b04-40d6-baec-cc91eb62eb9e,12.09,near,near_1,31.34,east,ene
b17d3dd3-6b80-4594-8d54-8f6bb31b06a5,59.6,far,far_2,160.38,west,wnw
b2a82967-d0e0-4959-876e-1c0f106485c6,45.61,medium,medium_3,213.74,west,wsw
b2bdfcbf-35d3-4cc1-80af-a17756bd8bb9,70.41,far,far_3,306.14,south,sse
b2d4e5c6-871c-484c-8d1b-3168bef8fcae,20.18,near,near_2,54.65,north,nne
b2e481dd-f10e-4bd3-b0c4-ecd03235c5f0,43.54,medium,medium_2,136.0,west,wnw
b33beadb-e46b-417d-a525-2e90e5a42a01,62.43,far,far_2,86.65,north,nn
b3b9be4b-4eaa-46c3-ada9-21cb0d72e3d8,47.8,medium,medium_3,240.0,south,ssw
b3f83e6b-0661-4a25-9649-a57e27796b96,29.2,medium,medium_1,275.78,south,ss
b40ebb2f-a362-4a1a-a7be-156dc8368388,43.38,medium,medium_2,55.29,north,nne
b4e42b10-665c-4512-9a2f-c22a7b9f178a,42.42,medium,medium_2,119.47,north,nnw
b51b492c-6eed-4fb2-9e03-883de7c023e1,13.3,near,near_2,91.91,north,nn
b56cc76c-f5b8-4c2e-8a5d-c3286c0e1d22,11.71,near,near_1,92.85,north,nn
b57b1e00-2f78-48b9-9790-acad7ec94d5b,58.21,far,far_1,239.02,south,ssw
b5ac9608-7aef-4ad4-be38-158b108affc9,44.6,medium,medium_3,0.4,east,ee
b5bae1db-d33b-4158-bd12-939542cfd605,46.01,medium,medium_3,214.0,west,wsw
b5de4fce-a4c3-4abf-be3b-4c2faa925d74,26.25,near,near_3,191.51,west,ww
b5e58db6-b060-4605-a79f-47d7b99bb826,28.0,near,near_3,239.18,south,ssw
b6770ab6-a919-49a4-9fd6-c42f021d76fd,27.81,near,near_3,233.76,south,ssw
b67aff64-753b-41e9-984a-7b83dcc5dcca,58.8,far,far_1,94.61,north,nn
b6af9e5a-c4b9-4f13-9552-41d6424cfc4b,12.21,near,near_1,232.18,south,ssw
b7271754-fc9f-45c1-b7e9-3d70ff1e2071,58.87,far,far_1,53.89,north,nne
b7cb20ea-7dd5-4292-ab83-f8c96dd8038d,29.6,medium,medium_1,94.61,north,nn
b81a9b9f-45fa-497c-a3a7-540d7e62ca69,21.73,near,near_3,30.07,east,ene
b81adfdc-ef4a-49d7-8ea6-594c5ef124af,57.4,far,far_1,160.0,west,wnw
b880f031-8ff0-4b32-a6c2-195ba6232997,30.61,medium,medium_1,276.12,south,ss
b8b8f4c6-9160-4b9e-83e1-364d744eaee7,42.44,medium,medium_2,187.57,west,ww
b8e78167-5f7c-4474-b109-0e698e5ba793,50.57,medium,medium_3,54.76,north,nne
b8fe49a0-d9ca-426a-bb20-9bf1fbc100c5,43.64,medium,medium_2,187.64,west,ww
b96d2fbf-56dc-4897-b38f-852de71b3e36,30.0,medium,medium_1,275.76,south,ss
b99c411d-270d-4301-8d3a-e86af2e8d7e1,58.3,far,far_1,54.06,north,nne
ba19721b-8519-4ec0-9e04-a8adfdff185e,29.48,medium,medium_1,89.28,north,nn
ba1e831d-f750-4882-895e-1ee71ad0967d,60.42,far,far_2,163.48,west,wnw
ba25259c-3224-469c-80f8-74f1e2d0d50d,56.01,far,far_1,121.99,north,nnw
bb1f4cbd-6e0d-485c-a04c-01eea0851043,69.56,far,far_3,106.55,north,nnw
bb234076-c8ce-457c-a04b-e50d224de29f,44.2,medium,medium_3,0.45,east,ee
bbede2a7-9de4-47f1-863a-a1c8e44c15c4,63.8,far,far_2,275.36,south,ss
bc572b38-eca2-4b9c-89af-bd92f225fdfb,23.41,near,near_3,276.47,south,ss
bc81fe17-d960-4cd8-a496-58c453b569f9,23.11,near,near_3,4.46,east,ee
bce6da25-01a1-44ed-b8c6-5e5f5994e736,17.41,near,near_2,233.03,south,ssw
bcf638bd-edda-4a62-bd61-8ecbb6d49207,61.02,far,far_2,163.69,west,wnw
bd271bdf-5b83-400c-985b-ad0936d58af6,19.16,near,near_2,123.3,north,nnw
bd47ec19-667a-4c12-959b-7229bf64323e,67.12,far,far_2,53.42,north,nne
be1e5143-4028-4380-95f5-a2ed4cf92974,60.21,far,far_2,214.05,west,wsw
be80849d-a0b9-4d4b-ab40-8bcc7a377d5e,66.53,far,far_2,53.62,north,nne
be909e2d-284b-4f2c-aaff-24d57783e2dc,70.34,far,far_3,3.59,east,ee
bf382e73-a9f0-4d5e-9350-b01e409175c0,66.75,far,far_2,53.78,north,nne
bf7dc960-019c-46a0-9278-4a68386be72b,10.63,near,near_1,230.68,south,ssw
bfebe1c7-1489-45b1-af53-81bdae5837ee,39.8,medium,medium_2,0.77,east,ee
c0223227-942c-438f-b876-0ff63c8b8ebf,12.66,near,near_1,30.57,east,ene
c033850a-e922-4a47-a63b-1f7640c53f10,23.81,near,near_3,139.78,west,wnw
c03ea14c-6d09-4b04-a6a2-88c8081e029f,40.01,medium,medium_2,238.57,south,ssw
c04c1ebc-31df-404b-a1b8-4fd1e26a7084,24.09,near,near_3,139.74,west,wnw
c06d319d-acf8-4280-94d4-a28af0b7dd87,12.46,near,near_1,121.89,north,nnw
c0875236-950b-497f-8f2e-7ff7c6a27a9a,28.21,near,near_3,125.9,north,nnw
c1d08135-4862-42b3-bf73-2bf2b7426d30,26.6,near,near_3,234.14,south,ssw
c2d77056-d758-47ab-aedf-e3571d36f851,46.6,medium,medium_3,275.49,south,ss
c332aa6f-6d98-4910-bb04-9c1c9c2ca27c,18.25,near,near_2,185.6,west,ww
c3b33539-c1bd-49ff-8380-2b13f7404a75,63.53,far,far_2,33.61,east,ene
c4535520-73f4-45e2-b19e-ba2eeac86491,50.78,medium,medium_3,122.7,north,nnw
c4e60eaa-24c8-4854-b86c-f796fd750685,17.41,near,near_2,233.03,south,ssw
c5968b68-137e-4687-8620-8de8649602ef,11.84,near,near_1,355.68,east,ee
c5b7a31e-3fa9-452e-a4b1-bef0a5aced65,23.8,near,near_3,275.96,south,ss
c5d945a6-74ab-4725-bc3d-5b4f23546a91,13.93,near,near_2,45.83,north,nne
c5f85988-98d0-4415-a54a-b56999bb1a68,34.86,medium,medium_1,186.71,west,ww
c6f60dde-1b3c-47fa-a8c5-4ac2675074f2,27.1,near,near_3,125.86,north,nnw
c70ae13b-7280-42f9-8aae-fe050e0b7f84,36.2,medium,medium_2,280.32,south,ss
c7579cd1-80c5-4d8b-b12c-54f360bb8934,34.04,medium,medium_1,192.31,west,ww
c76aca48-a9ce-4caa-bc4f-325b4157a055,64.02,far,far_2,193.57,west,ww
c76d2de7-d0e2-46c3-bb13-a5b32a7274b2,44.6,medium,medium_3,95.0,north,nn
c7ba51fa-cf63-4b11-8146-c2663e2ed1a9,68.52,far,far_3,8.35,east,ee
c7f807e3-0e88-48b1-9776-cbf0db7b447e,67.0,far,far_2,194.66,west,ww
c8959f7b-e3a5-4155-bad5-e999d0970633,17.3,near,near_2,350.66,east,ee
c8b30208-8d7e-4a1f-86c6-b3b269f9ad66,18.91,near,near_2,123.1,north,nnw
c90d59fb-ae8a-4345-b86c-96cbbd0ee0ac,22.6,near,near_3,276.01,south,ss
c911ccde-052a-4577-a6dd-ac95cf72018b,61.42,far,far_2,163.51,west,wnw
c971f734-3138-40e5-a16f-2fe0e60e1ef6,30.0,medium,medium_1,94.62,north,nn
ca22d210-2ad9-4876-85c1-1ce23f9a9901,54.01,far,far_1,275.85,south,ss
ca3d7e13-7d69-4066-a966-a28e8faa92cf,65.51,far,far_2,122.17,north,nnw
ca88075b-19ef-4490-bff2-1ea9443add9f,63.35,far,far_2,28.98,east,ene
ca8d0032-4881-4e4f-905e-85430fdf9fe6,43.8,medium,medium_2,239.22,south,ssw
caa51056-7ae5-4c33-b3a5-90edc4611729,22.27,near,near_3,89.64,north,nn
cabc146a-2b31-45dd-8404-1f5c1c9f1469,11.18,near,near_1,70.3,north,nne
cae2dc81-e3ce-4745-827e-dd91824c6728,70.31,far,far_3,107.07,north,nnw
cb604845-4553-40f8-91b6-78b63960ec9c,30.23,medium,medium_1,212.35,west,wsw
cc42412f-2394-4b4c-b960-85757e901ad3,14.67,near,near_2,209.52,west,wsw
cc621c09-e928-4421-b780-2950e64872a0,27.38,near,near_3,125.76,north,nnw
cc76f0a8-9e3c-43ea-b115-1d4a9fabaa14,22.69,near,near_3,90.06,north,nn
cd193d46-10ef-45dc-9779-30773ebe4783,53.2,far,far_1,275.65,south,ss
cd1ce839-2b78-498d-b594-e56f7e0d8a89,70.01,far,far_3,305.82,south,sse
cd5e6bd5-e78d-44a0-a732-475827096e1f,69.94,far,far_3,3.61,east,ee
cd8416eb-dff2-48b4-8822-da638492aa0b,50.17,medium,medium_3,54.62,north,nne
cd99b9b6-d4b1-4d46-8955-65949a1462e2,63.8,far,far_2,239.64,south,ssw
cdb1d10e-479a-48b9-8a0a-8fcb95b59a5f,38.21,medium,medium_2,213.5,west,wsw
ce4f1007-1be5-4b67-b246-1958f4cb901c,21.14,near,near_3,35.35,east,ene
ce87f6bd-beab-4efc-8599-f85474a13cf5,21.41,near,near_3,353.05,east,ee
ce920b92-7c43-46d3-ab5d-25be138bc5e8,55.99,far,far_1,122.34,north,nnw
cebd5db2-2796-4326-ae29-d068adb4ea3a,66.33,far,far_2,53.63,north,nne
cf00412f-00d5-41ad-bea5-eb2dd1beec9d,71.14,far,far_3,238.0,south,ssw
cfa3e0e7-64a8-4af0-880e-c7c19750486c,14.87,near,near_2,90.4,north,nn
cff60f66-2373-46eb-8b52-312d43126269,15.21,near,near_2,281.51,south,ss
d055f44e-4eea-4c0b-8281-e5720a3bc210,45.61,medium,medium_3,0.54,east,ee
d09d0f0e-094a-4685-9508-eeaf760f99ab,11.34,near,near_1,185.87,west,ww
d0c07c84-e4b7-47e5-96f9-dfc9eec16ff5,46.0,medium,medium_3,95.0,north,nn
d0d68c23-700b-48a3-b13d-71a744065490,20.47,near,near_2,128.18,north,nnw
d0e26142-8f92-448d-9997-d962cb8f9c04,54.76,far,far_1,359.4,east,ee
d13c2077-6243-4eb1-af1c-a6c3b8098642,45.02,medium,medium_3,0.61,east,ee
d17c7f73-c3fa-4e0d-bc6c-3b9a7fdb85ff,11.23,near,near_1,235.91,south,ssw
d17eac89-419d-45cd-a771-5d3a587d6e07,43.86,medium,medium_2,54.89,north,nne
d18bc61e-dc7b-4957-b737-e6cbbdac3b48,43.6,medium,medium_2,239.47,south,ssw
d1c9d076-4b2d-43a4-9ff9-df3f7c516c6e,23.49,near,near_3,139.43,west,wnw
d1d389ff-dc2b-488f-8d4a-1dcd706760e0,42.84,medium,medium_2,187.59,west,ww
d2003343-7c15-4dca-882a-9191e1f4b479,33.32,medium,medium_1,120.83,north,nnw
d2209fbe-7f07-4f36-a198-2da934d11da0,27.46,near,near_3,57.95,north,nne
d305d84d-b459-4ef5-aa1d-09960278867d,65.72,far,far_2,121.89,north,nnw
d42269e1-c1a1-4b3a-845d-50ac86c72344,71.55,far,far_3,236.65,south,ssw
d46d88b0-6a01-491c-9a84-a22f6872e9b5,12.71,near,near_1,126.98,north,nnw
d488f6ad-bad3-483e-af5b-ddfb13d92319,11.77,near,near_1,180.22,west,ww
d4ec1f92-ad92-4a87-9739-45f0fd13f883,31.89,medium,medium_1,138.49,west,wnw
d547f13d-ae73-41a9-a0a4-7f29c29714e6,45.6,medium,medium_3,159.75,west,wnw
d55c89a4-c9fb-4bc5-91f3-0b5a78885fab,11.7,near,near_1,31.89,east,ene
d5719476-8b60-4a95-8a7c-1a9792a27aee,30.24,medium,medium_1,2.22,east,ee
d5a7d092-f6e9-4130-8021-286415bc6429,69.34,far,far_3,8.64,east,ee
d5c4160a-4fce-41fe-b1c8-49138dfa361b,57.75,far,far_1,54.17,north,nne
d5f4ed5f-56a8-42cb-b0ab-a060ca8aac55,42.68,medium,medium_2,135.32,west,wnw
d60020e0-00b0-48c2-81f3-ddaf49cb8d42,45.01,medium,medium_3,276.02,south,ss
d6c1430f-62e7-4859-a365-b6215d9c0bc9,50.63,medium,medium_3,54.66,north,nne
d6dac258-fe44-405a-9488-eb7f0198135d,12.81,near,near_2,354.47,east,ee
d73a7a0b-2a64-4b35-856d-54c4de28abe1,37.42,medium,medium_2,213.16,west,wsw
d747de9b-e52d-4cff-aac7-ba518cd7adce,12.43,near,near_1,236.31,south,ssw
d75fe5fc-a6da-4ed2-ad1d-bc5fd9ac019c,10.98,near,near_1,179.51,west,ww
d76984f5-fa9d-4dd9-9fdc-18ef1d4032df,29.81,medium,medium_1,276.15,south,ss
d779f576-d756-4f62-ab08-460f7ccc71ed,40.49,medium,medium_2,119.58,north,nnw
d782180c-fb57-429a-8427-6706eb12bada,24.87,near,near_3,139.88,west,wnw
d7a828b5-4adf-4c90-a42f-5bff887f14b5,43.39,medium,medium_2,135.9,west,wnw
d7e514bf-8353-4f6d-9ffb-9410af252a7b,23.26,near,near_3,139.34,west,wnw
d8c76271-9a5d-4623-a84a-6504ba643ede,38.01,medium,medium_2,213.49,west,wsw
d8f2c5bc-2622-406d-97f7-cffe23d31fa5,38.61,medium,medium_2,276.19,south,ss
d980e980-568b-45c9-9fb5-cb6f34979db1,66.6,far,far_2,239.48,south,ssw
d9bfd478-fdab-4d53-a652-014a3e60acdf,19.3,near,near_2,55.52,north,nne
da93300b-438d-4f9c-8519-8af654489bbf,57.83,far,far_1,86.78,north,nn
db040d56-476a-4224-80c4-dacd8feaf6bd,66.2,far,far_2,244.65,south,ssw
db18970e-98b0-4677-b598-86a846b47add,30.51,medium,medium_1,138.14,west,wnw
db30f5dc-2696-4595-8540-abea8afee6f8,10.63,near,near_1,66.94,north,nne
db70b2e6-e0d0-46bc-bd10-1fadb0546136,13.42,near,near_2,138.49,west,wnw
dc38ea3a-3d60-40b7-b02e-5a96567c26a8,20.26,near,near_2,185.47,west,ww
dc627d67-e358-41ec-9d85-90ac29ede0be,19.43,near,near_2,123.36,north,nnw
dcdde642-a2f5-40de-bd0e-e678d8446cac,45.43,medium,medium_3,87.02,north,nn
dcebcee3-3f9d-4697-bfb9-79d26f29c0d6,31.06,medium,medium_1,27.4,east,ene
dceed28e-5fcb-4856-8fec-4fb26821a987,71.21,far,far_3,313.05,south,sse
dd02168c-7645-4103-be04-496618f22d06,50.61,medium,medium_3,122.18,north,nnw
dd1011cb-3d83-48cb-8bc2-d64c50aab8c7,47.39,medium,medium_3,40.08,east,ene
dd7cd71a-ae22-4cf2-9155-78dd8592b936,62.37,far,far_2,359.23,east,ee
de5daab5-1257-4b9b-b263-f5d4d9702878,35.17,medium,medium_1,125.73,north,nnw
deb20fc2-596a-404e-9c2b-e6e86978747f,70.01,far,far_3,163.85,west,wnw
deb3e39f-4ded-46a1-a15b-b9679ec4e33e,13.87,near,near_2,209.21,west,wsw
e0561603-71f1-4958-b293-ca59f4de6b31,45.6,medium,medium_3,275.75,south,ss
e1725bd6-781e-47eb-ba11-1c29b84d5180,33.55,medium,medium_1,125.39,north,nnw
e19a0cfe-6cfd-4fa8-9171-c29ff2efb464,72.96,far,far_3,242.68,south,ssw
e20a233f-475d-4d84-89b3-0ca0eb3ad6af,51.61,medium,medium_3,121.83,north,nnw
e2f127ea-048c-4566-9ca2-c5acb2a90c80,61.22,far,far_2,163.5,west,wnw
e306a465-9de2-49da-9aa7-f21386e2ae6b,61.22,far,far_2,86.31,north,nn
e32511c4-b758-4ea9-a1e3-036bfd8d2d73,53.38,far,far_1,359.73,east,ee
e338c1c7-8ec5-4d0e-9dc3-740f5e20b50d,9.99,near,near_1,137.1,west,wnw
e34ac3d6-7e61-47d5-b0d8-ce7a4756c352,12.7,near,near_1,92.24,north,nn
e3c36402-f74a-4301-a7e7-539d3e13f4f6,47.21,medium,medium_3,35.35,east,ene
e40d563b-39fb-4656-91cc-2edd83de4d62,65.12,far,far_2,122.02,north,nnw
e4139860-6a17-46ee-a4bf-d550faa2c264,69.21,far,far_3,163.84,west,wnw
e419bf66-3f30-45f5-9123-b890e24f0dcd,12.7,near,near_1,92.24,north,nn
e4aba184-1edc-4f1e-82f9-2baf885afcaa,33.02,medium,medium_1,41.61,east,ene
e4f9fad2-bc77-4e4b-8c5d-42a7e49af023,11.43,near,near_1,121.57,north,nnw
e50a1910-0f5f-47fe-9d8d-4739a61a3662,55.98,far,far_1,122.57,north,nnw
e5550990-2754-4bd0-b3bb-5d0eb6bc0424,70.94,far,far_3,358.56,east,ee
e59c6a97-dd87-4631-b649-77457151646f,30.6,medium,medium_1,94.63,north,nn
e615f18f-5944-4007-aaae-2a2574433760,55.99,far,far_1,121.87,north,nnw
e6514575-8e84-43c7-ba38-51b1cb3c520b,23.6,near,near_3,275.97,south,ss
e657e560-51c4-4073-aa84-f9deeebff1fd,27.65,near,near_3,186.68,west,ww
e675113c-d731-44b3-957b-aca9464963c8,46.41,medium,medium_3,136.01,west,wnw
e769fbbf-5e4a-450b-8716-8ee8272e5fa9,13.0,near,near_2,354.25,east,ee
e78037f8-3261-42c2-bc00-e0aae2214183,71.34,far,far_3,239.64,south,ssw
e79af057-ddaf-4abc-9dae-e12b0b67c5c5,19.67,near,near_2,190.33,west,ww
e7be2025-fc9a-4ba4-8ee8-faf2a5195748,64.3,far,far_2,53.21,north,nne
e811bd7d-7cf2-47c1-b525-56f35d00dad1,52.2,far,far_1,275.66,south,ss
e821477e-ca3e-4fbe-9295-add01b3d5a00,60.62,far,far_2,86.51,north,nn
e85b461f-352a-44be-b4a5-420f6d3c02a3,58.2,far,far_1,160.59,west,wnw
e867f247-e89e-4e52-b9ce-e06c1bc7e539,12.9,near,near_2,92.13,north,nn
e891cc86-4bb3-4d9f-9534-37cfd67095fb,26.2,near,near_3,234.13,south,ssw
e93e0751-6e36-495f-916f-f4af85877f8e,51.62,medium,medium_3,188.45,west,ww
e94acbaf-73c0-431c-baae-17d82300da96,70.77,far,far_3,53.36,north,nne
ea335e18-9459-48b4-b698-f35678036c58,72.0,far,far_3,202.03,west,wsw
ea618dca-0360-48a1-aba3-0fa7e0b904dc,67.92,far,far_3,33.38,east,ene
ea714650-d378-4817-8ef0-e8a9cb2362f3,43.08,medium,medium_2,55.1,north,nne
eac73b08-c5ad-4b21-9a60-244b628ebd79,38.82,medium,medium_2,213.23,west,wsw
eb6aae61-27db-4042-8cdf-ec4cc6fedfdc,58.42,far,far_1,188.43,west,ww
eb73c637-beee-4636-ac51-b882beb3fa25,26.65,near,near_3,186.56,west,ww
ec555db4-6016-40fa-bcc2-c98035d4b783,35.58,medium,medium_1,55.81,north,nne
ec9aef8e-8a91-4f2d-b3eb-8ac61ff04da9,63.4,far,far_2,280.36,south,ss
ecde14f4-e922-4654-81cd-63f0f7f03164,35.6,medium,medium_1,234.36,south,ssw
ed763dba-d55a-4b50-b457-580fd375bf40,70.61,far,far_3,164.03,west,wnw
ed7a06a6-54c7-47a5-b2b3-d6ffcfed516d,69.8,far,far_3,214.84,west,wsw
edcb53d4-f64c-4d94-aa72-fac930052a14,11.46,near,near_1,36.22,east,ene
edfefd08-937f-47b4-a92e-b8f553993e78,50.03,medium,medium_3,193.17,west,ww
eefd3210-14a4-4ef9-9e03-606a36fb547e,11.51,near,near_1,12.18,east,ee
eeff46a0-ae97-4bc8-95b9-dac841307dfc,22.03,near,near_3,211.88,west,wsw
ef83ab79-bee1-42ce-bcc9-df12760fdb3e,38.41,medium,medium_2,213.51,west,wsw
f0008ee5-37a3-40a3-8d38-c713d27b4f2d,20.7,near,near_3,90.55,north,nn
f023a205-7765-4810-ab86-3f001e36b542,61.77,far,far_2,34.27,east,ene
f07e2a74-d5dd-490b-9084-b3026e80325e,11.29,near,near_1,202.87,west,wsw
f08b4dab-03a5-4a69-b4cc-34c4e94968c6,15.0,near,near_2,275.76,south,ss
f0d16617-f7ac-4a2c-9916-52aa96933056,46.13,medium,medium_3,135.8,west,wnw
f173664b-53cf-49e7-b096-c61fe75cc08f,66.2,far,far_2,194.48,west,ww
f2125be1-7848-48e8-9b8d-2f4f356a7eb8,43.04,medium,medium_2,192.6,west,ww
f248ca4c-c5cf-451f-a95b-09ad4693e6d3,10.83,near,near_1,235.76,south,ssw
f2d5faf8-e830-4a96-aada-697c75f20207,30.86,medium,medium_1,27.45,east,ene
f3a846d4-62a5-4161-a795-d83b419be4cc,37.4,medium,medium_2,95.0,north,nn
f47f3a04-6c69-4f06-93a5-15fdf38627a4,11.61,near,near_1,70.92,north,nne
f482fd7f-9057-450e-8c64-8a5199e02a99,32.82,medium,medium_1,46.65,north,nne
f490e203-0160-427e-96fb-070cb0bbaa78,38.63,medium,medium_2,1.24,east,ee
f58600cc-a606-4852-9fe4-e010a7539b76,39.6,medium,medium_2,35.8,east,ene
f63518ea-8b04-40e3-b785-869feb23d7f7,44.82,medium,medium_3,0.63,east,ee
f6f09a2a-343d-4300-8695-16faa260060e,20.13,near,near_2,127.99,north,nnw
f786fa64-c49c-42ae-8b9b-141dd15b5ba0,30.52,medium,medium_1,358.29,east,ee
f7f10910-ae62-4fe1-ad28-2b74b682bba1,51.6,medium,medium_3,239.56,south,ssw
f8e70528-873a-4d49-94eb-3f3791b6b3fd,31.23,medium,medium_1,212.43,west,wsw
f8ea3165-cbe9-4b36-aa14-08fbbfc5c6b8,42.84,medium,medium_2,135.64,west,wnw
f9003b8c-3db8-446d-8d0f-16fb66c70aab,43.4,medium,medium_2,239.21,south,ssw
f92d59c3-2685-47e0-a7b8-47abca4b003f,69.63,far,far_3,86.81,north,nn
f9d64ff0-c7ee-4a60-920f-8c26bd081cc2,59.4,far,far_1,94.81,north,nn
f9d9729a-ace0-4f24-af3e-32ba6f259837,59.35,far,far_1,54.06,north,nne
f9dc7311-7992-4480-80c8-b6f9d1ae9e2a,37.0,medium,medium_2,275.31,south,ss
fa8ae559-781c-4a40-bde4-6c465cd8ef20,29.27,medium,medium_1,88.92,north,nn
fac1ea89-85dd-4afe-8fe9-40b61a7416c7,27.93,near,near_3,125.8,north,nnw
fb57fe13-b96e-4158-a4fe-1041763ef5a8,53.98,far,far_1,359.68,east,ee
fbc375bf-f8e4-4dd5-bafb-c8edf7b00f26,10.81,near,near_1,267.12,south,ss
fbf14179-7afe-461f-a90b-832f57eca319,15.9,near,near_2,36.4,east,ene
fd155b8b-c76c-4456-a08e-0a7f83c219d7,59.63,far,far_2,86.73,north,nn
fd5764ce-9f59-4a9c-93d9-45c3fbc010d2,66.2,far,far_2,244.65,south,ssw
fd78f6a6-825e-44d5-bbd0-2f07d641bcb3,11.8,near,near_1,126.33,north,nnw
fdbd02b9-9c8f-4cff-a219-dc067132ba81,51.21,medium,medium_3,239.1,south,ssw
fde91e30-2511-425d-bc7a-2cfb11ffbcd6,47.61,medium,medium_3,234.04,south,ssw
fe354357-ae72-4585-90aa-d8e30f10a09e,57.42,far,far_1,54.29,north,nne
febdc1e2-ecd7-4553-8eb4-f7bb50557e12,30.4,medium,medium_1,94.62,north,nn
ff465008-1159-4c7a-a979-1b9d2d787a32,40.73,medium,medium_2,119.55,north,nnw
d4ad8574-6a7d-4814-8779-89a2d83c6e22,68.81,far,far_3,296.0,south,sse
e8da0fb9-8fbc-40f2-94c6-340d7268cc3b,69.01,far,far_3,296.0,south,sse
bf7f35d8-4c7a-4fd4-9186-4fd3822f54e8,69.41,far,far_3,295.99,south,sse
edaabc68-bb19-4a80-9606-d8354ee36bbb,64.01,far,far_2,295.9,south,sse
4cc90cf4-69ce-498b-b00e-cab41873ca91,64.21,far,far_2,295.89,south,sse
81b1048f-c894-418a-9061-3d5d2bdfc857,64.61,far,far_2,295.89,south,sse
0b56e6f4-9b06-43f2-9ee7-d5270b314a9f,64.81,far,far_2,295.88,south,sse
38c85910-af6b-497a-af5b-caeac897730b,65.01,far,far_2,296.06,south,sse
4e4a1287-9a00-4389-a78b-dd333763bb8a,65.41,far,far_2,296.23,south,sse
e9dc40e3-5cb0-4a3e-9365-7fe5d47d7890,65.61,far,far_2,296.22,south,sse
74bd3fbd-b13b-4c8e-871d-5e5fd30f0fe3,66.01,far,far_2,296.04,south,sse
cfe2bbb1-4b4d-4aa2-a2ed-ac8d2c2c594c,66.21,far,far_2,296.04,south,sse
792e1ce3-c24c-4350-a062-30cc9e9b262d,59.4,far,far_1,300.58,south,sse
53e22b38-49de-4b3a-bd9e-1dceb81a2d07,59.41,far,far_1,296.16,south,sse
c43610c9-5238-4809-a6f8-15febb4b95a7,57.61,far,far_1,296.19,south,sse
f83aa13b-cc92-4d0f-b356-6c68fc985406,58.01,far,far_1,296.19,south,sse
15a09394-a685-4c8d-88d3-16bbb4c828b1,58.62,far,far_1,301.56,south,sse
fafabdb3-b36f-4717-8f69-22024e9e3652,58.61,far,far_1,295.98,south,sse
8ff33786-af3c-447c-89bb-e02000f57c63,59.01,far,far_1,296.17,south,sse
15c9e39d-c07e-4f65-b2e9-31ee1510bec8,59.21,far,far_1,296.16,south,sse
1e71d608-0393-489d-8616-97a10c78702f,54.61,far,far_1,296.05,south,sse
64525e29-7965-4d42-a1d1-b26a042596d2,50.41,medium,medium_3,296.14,south,sse
46a1b910-fb5d-4797-9e87-d88d7c442b25,50.81,medium,medium_3,296.35,south,sse
0744c67b-bc32-47f7-9abd-8a2af6e64920,51.01,medium,medium_3,296.35,south,sse
596dcc58-8a4d-42a2-8ca4-abb3d8b2ef5b,51.21,medium,medium_3,296.34,south,sse
cbe8004f-bb0a-49d1-b909-bf9ee06a45cf,51.61,medium,medium_3,296.33,south,sse
4373743a-8eb6-41a2-978c-6f79074cdc0b,49.81,medium,medium_3,296.15,south,sse
2da61e66-12bc-4a8d-b4d1-8514e11de98a,50.21,medium,medium_3,296.37,south,sse
7cd71d29-3142-4bc6-a8bd-31367725aee2,47.41,medium,medium_3,300.97,south,sse
8941e49b-c4ee-4360-9eb3-3e385d756ef0,44.41,medium,medium_3,296.29,south,sse
0d02132e-6b5a-4d11-a779-81ec6e2a8966,41.61,medium,medium_2,296.38,south,sse
c34e47b8-75a6-43e6-93c5-f13ed631e61d,41.81,medium,medium_2,296.1,south,sse
e861c493-62f5-4407-8802-a2ab842e767e,42.22,medium,medium_2,296.63,south,sse
fc0e35cf-19ac-4e23-b4b2-6e508d7f8d6c,42.41,medium,medium_2,296.35,south,sse
731432b4-01e5-42c6-a7b3-a2ab3118ff14,42.61,medium,medium_2,296.34,south,sse
5f765d6a-d780-4362-861c-b440631926bd,43.01,medium,medium_2,296.33,south,sse
da39f3df-72ce-4738-8345-eea61798cb88,43.21,medium,medium_2,296.33,south,sse
ca5161f8-9226-401b-ad23-23cea92f7878,43.42,medium,medium_2,296.58,south,sse
24f4d435-2ebf-47c0-9114-8390a53f93ac,43.62,medium,medium_2,296.58,south,sse
16353434-e71a-4791-a7d5-6464f3890533,35.41,medium,medium_1,296.62,south,sse
cda8d5e4-0a9f-4c02-b08f-2333e559c263,35.61,medium,medium_1,296.61,south,sse
bfb517ef-579e-46f3-ada5-ca402e5a26e6,32.82,medium,medium_1,296.75,south,sse
7023a6c2-d14e-4ac7-b9b6-871afad9b403,33.02,medium,medium_1,296.74,south,sse
f6b754c0-6f35-4202-b87a-ee3178ae430d,33.22,medium,medium_1,297.07,south,sse
c4299695-40b2-4b93-a8d4-e20f54d93bdb,33.42,medium,medium_1,297.06,south,sse
59dc4de9-3b4a-48a6-ba2b-460493700148,33.82,medium,medium_1,297.03,south,sse
1f7a1549-cc44-485f-b918-b7410fad1055,34.02,medium,medium_1,297.02,south,sse
c1dde275-c758-45c3-829f-9664a5fa7e38,34.42,medium,medium_1,297.0,south,sse
36d68f5d-020f-4044-a741-b8987a982434,27.62,near,near_3,297.08,south,sse
ee8709ee-a3d7-4065-9096-841341bfa11c,28.02,near,near_3,297.05,south,sse
6b8165da-e308-4826-9253-f13e583d0d28,28.23,near,near_3,297.44,south,sse
d6d2e6fd-ddd1-4e98-ba05-52b19bbb62a7,26.42,near,near_3,297.17,south,sse
5eb4f4c0-8fb5-48f2-a98b-6a7e831148ff,26.81,near,near_3,296.71,south,sse
8a3e59fe-3c20-4f26-92c8-ebb575d4b587,27.02,near,near_3,297.12,south,sse
2f58c7d3-9496-48f6-936b-d95681817b85,27.23,near,near_3,297.53,south,sse
669a4fd7-84c2-451b-923c-f277770d7136,27.62,near,near_3,297.08,south,sse
d2be6d5f-61e1-41ed-aaad-6ddc213e2529,27.82,near,near_3,297.06,south,sse
de7282aa-baee-4e4f-9ae6-5abf66be5824,18.84,near,near_2,298.65,south,sse
214ddfe6-ad33-4dfc-9762-6fcfef008b6c,19.04,near,near_2,298.61,south,sse
cf0cb3fe-b105-4769-a0e4-f38c15a953d6,19.24,near,near_2,298.58,south,sse
bbbeb9dc-3eb7-47a7-a789-8402f23f4035,19.63,near,near_2,297.92,south,sse
400d6ee1-7a78-4d8d-bf41-922b3756a034,19.84,near,near_2,298.47,south,sse
ea6fbe29-ab5f-490e-8ef7-435e8d30a525,20.04,near,near_2,298.43,south,sse
0717ea38-f234-4584-8199-13dae71e2fa5,18.63,near,near_2,298.08,south,sse
9e0f31ff-2f64-430f-a458-d28eafab211f,18.83,near,near_2,298.04,south,sse
950134bf-75ce-4734-8530-eac068b9117a,19.24,near,near_2,298.58,south,sse
aedbe3f6-8fa3-4c85-bd49-1218e1795cd4,10.85,near,near_1,300.29,south,sse
65d84221-14c0-4fb7-a4ae-3c2924afd113,11.05,near,near_1,300.19,south,sse
4d3e7d97-6d8f-4bb7-b317-1c7cb27313c7,11.24,near,near_1,300.1,south,sse
026c9a31-e03f-48ad-b7eb-53c3d5a89d0b,11.84,near,near_1,299.84,south,sse
419e6727-f07a-49fd-b676-ee0022ded6c4,12.04,near,near_1,299.76,south,sse
adc9dc60-6488-4d7e-b44a-2a5e2ea57df6,12.44,near,near_1,299.61,south,sse
516424c3-6a27-409f-847d-dd024e814752,12.66,near,near_1,300.44,south,sse
ef3d4d2b-2b4f-4b71-8554-691aab9402f0,10.05,near,near_1,300.71,south,sse
dfb84a8f-4d78-4461-9b7a-c7d6b3a80beb,10.25,near,near_1,300.6,south,sse
7c8591b8-dd63-4f03-82bb-8901089380b2,10.07,near,near_1,316.84,east,ese
45d5355e-84d8-43ab-8f7f-ed6a7b13c6ca,10.27,near,near_1,316.71,east,ese
e51a9870-55c9-4593-a8cd-ef4cc22bfb01,10.47,near,near_1,316.58,east,ese
23993e85-bfda-4231-96c7-a0ac7d0f1c80,10.87,near,near_1,316.34,east,ese
bc418159-f95d-418a-aecf-964fd8b4cae8,11.09,near,near_1,317.25,east,ese
0e0c4093-d77b-4882-8a33-d72100165d30,11.29,near,near_1,317.13,east,ese
cc8ec98e-b8ad-4d3e-bb21-f4f9634ecaa5,11.68,near,near_1,316.88,east,ese
b1e3abcb-d84c-4d48-b2b8-860f6985e4d2,11.88,near,near_1,316.77,east,ese
ef1fd097-1e98-4d86-af75-39c91c731ec7,12.08,near,near_1,316.65,east,ese
26266614-a525-4827-a36a-fc1ed6075f35,16.68,near,near_2,315.51,east,ese
7c9902f3-a9b4-4574-819e-3a14bcae20f8,18.71,near,near_2,316.14,east,ese
1d1834b7-a95a-4dbf-a188-4922e194c72b,18.93,near,near_2,316.67,east,ese
6eeb79c4-59c5-4ed3-bf3b-6668af9fa9ab,19.1,near,near_2,316.01,east,ese
3fc60de2-6577-4422-a078-2a46226f150c,19.5,near,near_2,315.89,east,ese
4ac9f794-f8cd-4a4c-a7fa-04b7a4fd318f,19.9,near,near_2,315.77,east,ese
aed82621-edfd-44a0-9e9d-24db5fa26df1,20.1,near,near_2,315.71,east,ese
0d09e348-fe99-4611-80e8-22ac0a6123e3,20.52,near,near_2,316.16,east,ese
3f26bb1b-6984-4221-a327-9c80c24b28fb,20.7,near,near_3,315.55,east,ese
04b42698-f547-4e4c-9280-9a8373522454,24.16,near,near_3,316.65,east,ese
7d2d3a0a-fb97-4a62-8d97-2a6fb771009f,22.77,near,near_3,317.06,east,ese
4d8e0e6e-190d-4c89-b0f8-322c7d75833d,19.8,near,near_2,318.13,east,ese
79fa2202-4abe-4314-a74a-1b8d0148bd28,22.18,near,near_3,317.25,east,ese
e8b0008c-833e-4744-9041-db13326c834f,22.57,near,near_3,317.13,east,ese
5179fb1c-2d36-445a-87f5-ac018f15095b,22.75,near,near_3,316.56,east,ese
eeeaabbe-2d5f-431a-bfcc-2dc971433af3,22.95,near,near_3,321.51,east,ese
ee62e789-3e4c-4044-a8b0-d470e2311da6,23.32,near,near_3,320.91,east,ese
e1b91936-d9b6-48ae-ba09-f7a9a84e2181,23.64,near,near_3,318.39,east,ese
20e06401-31e2-4849-b226-170f7ddd071f,28.63,medium,medium_1,317.4,east,ese
826862da-f169-41d1-93f4-fa3cd2934c55,29.02,medium,medium_1,317.37,east,ese
40b5a26a-500b-4a8e-bd51-9c0cc602f66a,29.03,medium,medium_1,317.76,east,ese
23459bcb-66a3-40e2-99fc-077bc6fa2980,29.44,medium,medium_1,318.12,east,ese
9e5dc27a-ffaa-4447-bee2-2aefd747f445,29.63,medium,medium_1,317.71,east,ese
034b30f8-aa3f-47cf-ae9c-eca79539e5e5,29.83,medium,medium_1,317.69,east,ese
3beaf285-280e-4e3e-834f-cdadc18c40f5,30.23,medium,medium_1,317.65,east,ese
2c37423d-511a-4f07-9416-a3bf520d0210,30.43,medium,medium_1,317.64,east,ese
25f0d326-cdc8-4922-9b55-fbab455b038e,30.83,medium,medium_1,317.6,east,ese
aea56bf4-9060-451a-98f0-79d7d8898f66,37.82,medium,medium_2,316.82,east,ese
e07e4bc1-b7b5-44bc-82cf-592663a20be4,38.02,medium,medium_2,316.81,east,ese
cf77e5b8-f3d6-44c2-b628-698e3dd886eb,38.43,medium,medium_2,317.39,east,ese
6c4805b7-e488-43ef-acab-49eb79db838f,38.63,medium,medium_2,317.37,east,ese
7154f18a-e8f7-4358-aca8-90bfec7f33a2,39.01,medium,medium_2,316.47,east,ese
1ded48b4-f368-4b19-a697-82694a897b0c,39.22,medium,medium_2,317.05,east,ese
5b1bb261-330d-475a-b2d0-fbe99edd13ac,39.42,medium,medium_2,317.04,east,ese
ff7d3c86-af2e-4c6f-8895-3ae58ef910ad,39.64,medium,medium_2,317.6,east,ese
98492e93-2725-4d4f-9b72-ccad6aad3b41,40.04,medium,medium_2,317.58,east,ese
48821738-bb2d-49b7-8e04-e05350878084,45.82,medium,medium_3,316.75,east,ese
d123b9b3-275f-4941-a3a3-7586e17d9219,46.03,medium,medium_3,316.99,east,ese
e22e62df-4913-4cec-a740-5587546ed6b2,46.42,medium,medium_3,316.73,east,ese
4691919a-2644-4985-bfb4-06e6852567ec,46.42,medium,medium_3,316.48,east,ese
d65e82a5-334b-4754-b73e-3c5dffba52b6,47.02,medium,medium_3,316.46,east,ese
b7fb06cf-77c5-49d8-bc70-f95317cc8a17,47.02,medium,medium_3,316.71,east,ese
16eba79b-f93d-4500-8838-9a0fa8cdbd0a,47.22,medium,medium_3,316.46,east,ese
f3e1a793-1d07-48f9-92c7-272b4deba2f4,46.24,medium,medium_3,332.23,east,ese
233e9e27-07c1-452f-aa0c-91b75a9f215a,46.45,medium,medium_3,332.71,east,ese
5c18a6bf-a10a-47d8-bc14-443843ad4706,51.89,far,far_1,333.31,east,ese
fb6b74d9-b60f-4033-b1e7-5df3eb50de10,52.06,far,far_1,337.86,east,ese
efc17c84-9146-49e5-a5d9-7e9d3d64ebab,52.05,far,far_1,337.42,east,ese
9dde5632-cf1e-4d8f-813b-cce25456bed8,52.05,far,far_1,337.42,east,ese
d52f01c2-243f-4b09-9e4c-085ba0c02b4e,52.05,far,far_1,337.42,east,ese
d8e28b47-53fe-4ecb-b0e9-7e9bddcae615,52.05,far,far_1,337.42,east,ese
acb418ef-b86e-4977-ac76-610cff44ea41,52.05,far,far_1,337.42,east,ese
309b0286-4fe8-417f-b456-88c0ab8ea419,52.03,far,far_1,331.98,east,ese
996ece07-e804-4d1a-8d16-f65741afc7a1,52.04,far,far_1,337.2,east,ese
ad5a18ee-375b-4b81-b186-8d9956e8bb6a,60.06,far,far_2,332.48,east,ese
cb500d7e-69d2-456b-ad22-3d976dbe07ad,60.23,far,far_2,331.9,east,ese
1efca303-41e0-4a14-b8cf-fe2ac945b0c1,60.63,far,far_2,331.89,east,ese
b334ec9d-3866-44b3-8fb1-45bba4d557e7,61.03,far,far_2,331.88,east,ese
b1c4cb8d-f488-4ada-97bb-55990553f56e,61.24,far,far_2,332.06,east,ese
70092cb5-4dd1-46e3-b4ff-61c4fd16d899,61.84,far,far_2,332.04,east,ese
8a544279-7f40-4109-b772-c58277adfb2d,62.04,far,far_2,332.03,east,ese
eaa1fe4b-a190-43b2-bcdd-5af00cda9375,62.23,far,far_2,331.84,east,ese
15c7405c-b0c1-40a4-b318-7b93f30d675f,62.23,far,far_2,331.84,east,ese
fefdb835-0d6d-4761-8097-adb2a07f366c,67.24,far,far_3,331.88,east,ese
147fc5ed-27c8-4240-87f5-9a7b9300edb7,67.44,far,far_3,331.87,east,ese
1cc6051d-6ad2-4b1b-ade8-5a622441af1f,68.21,far,far_3,331.01,east,ese
6c35faa0-bfb5-4f1d-a3e1-285c46e9e4f0,68.44,far,far_3,332.01,east,ese
2179059d-74b4-4102-b354-a99badc0440e,68.63,far,far_3,331.67,east,ese
99cef311-832d-4914-867d-57a0046ee496,69.02,far,far_3,331.49,east,ese
ec9a0345-2f8a-4698-bc15-783a49a41235,69.22,far,far_3,331.49,east,ese
14247cda-2012-4ca8-8194-40233d2d5431,69.63,far,far_3,331.65,east,ese
1b4331ba-4d0b-40e9-a328-8c64e43bc0cc,70.43,far,far_3,331.63,east,ese
